poiid,name,feature,sightlevel,distance,com_count,com_score,heat_score
76447,都江堰景区,0,5,5,5,4.7,8.9
87301,青城山,0,5,3,5,4.6,8.4
76342,成都大熊猫繁育研究基地,2,4,1,5,4.6,9.3
88023520,成都热雪奇迹（融创雪世界）,3,1,5,4,4.5,6.9
103300331,成都融创文旅城,4,1,5,2,4.6,6.9
18604577,都江堰中华大熊猫苑（原熊猫乐园）,2,1,3,4,4.6,6.9
87302,青城后山,30,1,3,4,4.5,6.7
76340,杜甫草堂,3,4,2,5,4.6,8.3
95050094,成都融创乐园	,6,1,5,4,4.5,6.6
82723,金沙遗址博物馆,7,4,2,5,4.7,7.8
88132,成都欢乐谷,4,4,2,4,4.6,7.7
82720,三星堆博物馆,7,4,2,4,4.7,8.2
76341,武侯祠,8,4,2,5,4.4,8.1
10559156,宽窄巷子,9,1,2,5,4.5,7.9
87961081,成都融创水世界,10,1,5,4,4.5,6.0
76383,西岭雪山,0,4,1,4,4.6,7.8
30752363,成都博物馆,7,1,2,4,4.8,7.7
10558940,锦里古街,13,1,2,5,4.4,7.7
87346,离堆公园,13,1,5,3,4.5,5.8
20911414,熊猫谷,2,1,4,2,4.3,5.7
27389076,卧龙中华大熊猫苑神树坪基地,2,1,2,4,4.4,6.4
89762,南桥,3,1,5,4,4.5,5.5
90182,街子古镇,13,4,3,3,4.4,5.7
10759067,都江堰青城道温泉,14,1,3,4,4.5,5.4
20906582,灌县古城,15,4,5,3,4.6,5.4
10556867,成都动物园,2,1,2,4,4.7,7.3
10543638,映秀地震遗址,3,1,3,0,0.0,5.5
99590,春熙路,3,1,1,4,4.6,7.4
10759015,蜀风雅韵川剧院,3,1,2,4,4.7,7.1
10532676,天府广场,18,1,2,4,4.6,7.2
33809807,盖碗儿·梨园茶馆（川剧变脸表演戏院）,19,1,2,4,4.8,7.2
13280701,国色天乡陆地乐园,4,1,2,4,4.5,6.0
13703467,都江堰鱼嘴分水堤,20,1,5,3,4.7,5.1
18450855,漫花庄园,3,1,2,4,4.4,6.9
87599,泰安古镇,15,1,3,3,3.9,5.0
87342,安澜索桥,3,1,5,3,4.6,5.0
13298234,茶溪谷,3,1,4,2,4.3,0.0
13754207,宝瓶口,20,1,5,3,4.6,0.0
58308797,都江堰·水街,9,1,5,1,4.8,0.0
71516582,成都city tour观光巴士,3,1,2,4,4.7,6.8
20361759,海滨城浩海立方海洋公园,21,1,2,4,4.5,6.4
51572851,蛟龙港·海滨城,3,1,2,2,4.6,6.4
10556872,虹口漂流,23,1,3,3,4.3,0.0
79228985,梵高星空美术馆（春熙路旗舰店）,24,1,1,4,4.9,6.8
76379,文殊院,8,1,2,4,4.5,6.6
13790277,文殊坊,9,1,2,3,4.4,6.6
10520941,元通古镇,15,4,3,3,4.5,5.3
87345,二王庙,8,1,5,3,4.4,0.0
13280702,国色天乡水上乐园,10,4,2,3,4.4,5.5
38537136,汶川大地震震中纪念馆,3,1,3,0,0.0,0.0
90391,四川博物院,25,1,2,4,4.5,6.4
82721,国色天乡童话世界,4,1,2,4,4.2,5.4
10543614,水磨古镇,3,1,3,0,0.0,0.0
22866059,九眼桥,9,1,1,3,4.5,6.7
80071841,鱼嘴滑翔伞俱乐部(都江堰店),3,1,4,2,5.0,0.0
13250623,天府熊猫塔,3,1,1,4,4.5,6.6
10533203,丹景山,20,4,3,3,4.1,0.0
90393,成都海昌极地海洋公园,21,4,1,5,4.6,7.6
87597,天师洞,8,1,3,3,4.4,0.0
87598,上清宫,8,1,3,3,4.5,0.0
10548441,成都川菜博物馆,7,1,3,3,4.5,5.1
38948744,蜀乐池天然温泉,20,1,2,3,4.3,5.5
31065993,狐巴巴星球,3,1,3,4,4.7,0.0
10532409,人民公园,28,1,2,4,4.5,6.3
89964,毕棚沟,29,4,1,4,4.5,8.0
87606,虹口自然保护区,30,4,2,3,4.5,0.0
18137301,三潭雾泉,20,1,3,2,4.7,0.0
88924,四川建川博物馆聚落,7,4,2,4,4.7,6.2
90181,安仁古镇,13,5,2,4,4.4,6.1
18137299,龙隐峡栈道,20,1,3,2,4.6,0.0
10521046,老君阁,3,1,3,3,4.6,0.0
78535,青羊宫,8,1,2,4,4.4,6.0
15025725,成都环球中心,3,1,1,4,4.6,6.7
124349917,青城山索道,3,1,3,1,4.0,0.0
13706532,白鹿中法风情小镇,9,1,2,3,4.0,5.1
13753523,飞沙堰,20,1,5,2,4.7,0.0
82719,刘氏庄园博物馆,7,4,2,4,4.6,6.1
18569704,玉垒阁,18,1,5,2,4.5,0.0
95425,赵公山,0,1,3,2,4.3,0.0
10569799,环球中心海洋乐园,10,1,1,4,4.5,6.7
56383155,锦绣安仁奇境花园,3,1,2,4,4.7,6.1
10523086,四川省川剧院,31,1,1,3,4.5,6.1
10759012,《芙蓉国粹》变脸秀,19,1,1,4,4.7,6.1
133552676,篷客露营地（高原河谷店）,32,1,3,1,5.0,0.0
133527695,篷客露营地（赵公山无忧谷店）,32,1,3,1,5.0,0.0
13822298,四川科技馆,34,1,2,3,4.5,6.0
56819180,成都失恋博物馆（旗舰店）,34,1,2,3,4.6,6.0
13811470,光严禅院,8,1,3,2,4.4,0.0
49631348,都江堰·玫瑰花溪谷,6,1,3,2,3.5,0.0
20906616,又一村,3,1,3,2,4.5,0.0
87347,玉垒山公园,28,1,5,3,4.4,0.0
98624273,童话火车总动员,3,1,3,2,3.4,0.0
99621266,蓝色气流高空跳伞,35,1,2,1,5.0,0.0
10751059,汶川特别旅游区,20,5,3,2,4.5,0.0
20908799,翠映湖,20,1,3,2,4.3,0.0
23444928,天府花溪谷,37,4,2,4,4.1,0.0
56810109,玉林西路,9,1,1,2,4.8,5.9
18137313,清溪园,37,1,5,2,4.9,0.0
56216156,犀浦,9,1,2,2,4.4,0.0
22866125,宝山旅游景区,38,4,3,2,4.2,0.0
90498477,问花村,3,1,3,2,3.4,0.0
79443924,都江堰西街,8,1,5,1,4.4,0.0
20908803,都江堰水文化广场,18,1,5,2,4.6,0.0
13764770,伏龙观,8,1,5,2,4.6,0.0
25136275,岷江新濠温泉,14,1,5,3,4.7,0.0
10537760,浣花溪公园,28,1,2,3,4.7,5.5
98148,中国泰迪熊博物馆,7,1,2,4,4.3,0.0
76381,大慈寺,8,1,1,4,4.5,5.8
79444220,侏罗纪世界电影特展,3,1,1,3,4.2,5.8
52080275,莲花湖,20,1,3,2,4.7,0.0
10794844,太阳湾风景区,39,1,2,3,3.5,0.0
124349930,青城山skydive跳伞基地,35,1,3,1,5.0,0.0
87800,灵岩山,20,1,4,2,4.4,0.0
87387,四姑娘山,0,4,1,4,4.6,7.6
39843328,鱼凫湿地,20,1,3,2,4.8,0.0
61932921,七彩海巢欢乐世界,4,1,2,3,4.2,0.0
13181993,青城两河漂流,23,1,3,2,4.0,0.0
20911543,竹海洞天,39,1,4,1,4.5,0.0
35583924,心越温泉,14,1,3,2,4.1,0.0
76378,成都植物园,37,1,2,4,4.4,5.3
133892574,成都都江堰拾光山丘民宿,32,1,4,1,5.0,0.0
87596,建福宫,8,1,3,3,4.3,0.0
18700810,九龙沟漂流,23,1,3,3,4.3,0.0
23556599,奎星楼街,9,1,2,3,4.6,5.4
98282065,白云索道,3,1,3,1,4.0,0.0
30813371,宝山温泉,14,1,3,3,4.7,0.0
13759362,三道堰,15,4,3,3,4.3,0.0
33038952,神瀑沟风景区,30,1,2,3,3.8,0.0
13759552,松茂古道,8,1,5,2,4.6,0.0
13641026,普照寺,8,1,3,2,4.5,0.0
95915851,成都高空跳伞基地,35,1,2,1,5.0,0.0
56382167,音乐百花谷,3,1,1,3,4.2,5.4
96240403,大江户温泉馆,3,1,5,1,3.0,0.0
22610255,生命奥秘博物馆,25,1,2,3,4.5,5.4
24313473,都江堰博物馆,25,1,5,2,4.5,0.0
112647229,明城墙,8,1,5,1,5.0,0.0
24654020,漩口中学地震遗址,3,1,3,0,0.0,0.0
23124915,星期8小镇,3,1,2,3,4.3,0.0
69570771,安缇缦莲花湖旅游度假区,0,1,3,1,4.3,0.0
81487660,成都时空魔方（春熙路旗舰店）,34,1,1,2,4.5,5.4
124908114,仰天窝广场,18,1,5,1,4.0,0.0
28197872,青城山漂流,43,1,3,0,0.0,0.0
13822400,东郊记忆,3,4,1,3,4.5,5.5
101066,绵竹麓棠温泉,14,1,2,4,4.7,5.2
79656477,成都新光速卡丁车俱乐部（武侯店）,44,1,2,2,4.8,0.0
13706491,月城湖,20,1,3,2,4.3,0.0
13764580,秦堰楼,3,1,5,2,4.5,0.0
13764574,圆明宫,8,1,3,2,4.6,0.0
61939035,立巢航空博物馆,7,1,1,3,4.7,5.8
13471361,海豚湾水上乐园,10,1,3,2,4.4,0.0
31672241,桤木河湿地公园,28,1,2,2,3.9,0.0
18137296,五龙沟,20,1,3,2,4.6,0.0
18137314,卧铁,8,1,5,2,4.5,0.0
57153181,驼峰都江堰青城山直升机空中游览,35,1,5,1,4.8,0.0
133552682,篷客露营地（水磨拾云店）,32,1,3,1,5.0,0.0
91860335,标地越野沙滩车乐园（都江堰基地）,3,1,3,1,3.2,0.0
98277718,水利工程,3,1,5,1,5.0,0.0
13415904,成都国际非物质文化遗产博览园,3,4,2,3,4.2,0.0
28197432,三星堆考古遗址公园,13,1,2,2,4.5,5.2
24652046,彭州白鹿上书院,3,1,2,2,4.7,0.0
76445,望江楼公园,3,1,1,4,4.5,5.5
24849932,兰桂坊成都,9,1,1,3,4.6,5.3
10532681,灵岩寺,8,1,4,2,4.1,0.0
76452,望丛祠,8,4,3,3,4.3,0.0
13789663,怀远古镇,15,1,3,2,4.3,0.0
28352048,万达城开心动物城,3,1,5,2,4.4,0.0
58279778,西岭雪山滑雪场,3,1,1,2,3.6,5.2
24652844,蜀道园,28,1,2,2,3.6,0.0
24654490,张松银杏,3,1,5,2,4.7,0.0
13703455,都江堰城隍庙,8,1,5,2,4.6,0.0
31772344,水果侠主题乐园,4,1,5,3,4.5,0.0
10520922,四川大学,3,1,1,3,4.6,5.4
101666,卧龙大熊猫自然保护区,20,1,2,2,4.4,0.0
49936711,联华梨园社·春熙剧场川剧变脸秀,3,1,1,3,4.9,5.2
10520940,凤栖山,20,1,3,2,4.5,0.0
10558963,花水湾温泉度假区,14,4,1,3,4.6,5.5
44978672,彭州· 湔江河谷旅游小火车,3,1,3,3,4.2,0.0
57153337,黄龙溪欢乐田园,3,1,1,4,4.9,7.1
61755156,山居水月温泉会馆,14,1,3,2,4.8,0.0
110647468,成都融创天府之星氦气球,35,1,5,0,0.0,0.0
87395,桃坪羌寨,3,4,1,0,0.0,5.9
34119346,海窝子古镇,15,1,3,2,4.1,0.0
56382165,川西红枫岭,39,1,2,2,3.6,0.0
24652927,四川美术馆,34,1,2,2,4.4,5.0
130859517,街子悠游岛,4,1,3,2,3.9,0.0
41795172,都江堰文庙,8,1,5,2,4.8,0.0
13484854,九龙峡漂流,0,1,3,2,4.0,0.0
93851431,卧龙熊猫坪,29,1,2,1,4.0,0.0
35196769,王婆岩,30,1,3,1,3.4,0.0
76380,昭觉寺,8,1,2,3,4.4,0.0
13754204,百丈桥,3,1,3,2,4.6,0.0
101059,中铁花水湾四季温泉谷,14,1,1,4,4.8,5.5
57154199,梵高星空艺术馆（成都春熙路旗舰店）,24,1,1,3,4.6,5.0
31672296,成都IFS雕塑庭院雕塑庭院,3,1,1,2,4.6,5.1
10520942,鸡冠山,20,1,2,2,4.2,0.0
20908700,紫坪铺水库,20,1,4,2,4.5,0.0
20911452,飞泉沟,20,1,3,2,4.5,0.0
30804137,中国川菜文化体验馆,34,1,3,1,3.1,0.0
18137336,朝阳洞,20,1,3,2,4.6,0.0
38463751,龙池滑雪场,3,1,3,0,0.0,0.0
58308802,都江堰市步行街,9,1,5,1,4.8,0.0
56381205,都江堰极速熊猫滑翔伞俱乐部,35,1,4,2,4.9,0.0
30813324,三和老爷车博物馆,7,1,1,3,4.6,5.2
13641020,玉垒关,3,1,5,2,4.5,0.0
10530541,水井坊博物馆,25,1,1,3,4.5,5.1
87600,泰安寺,8,1,3,2,3.9,0.0
20911444,五洞天,3,1,3,2,4.7,0.0
20911440,天然图画坊,8,1,3,2,4.6,0.0
13753534,日月坪,0,1,1,3,4.6,0.0
13822378,井巷子,9,1,2,3,4.5,0.0
38553990,李冰纪念馆,3,1,5,0,0.0,0.0
100105842,梅花剧社川剧变脸演出,46,1,1,2,4.6,0.0
24033215,五行仙谷汤池,47,1,3,1,4.0,0.0
76448,成都永陵,8,1,2,3,4.2,0.0
56808392,蟠龙谷景区,30,1,3,2,4.4,0.0
15151607,全真观,8,1,3,2,4.5,0.0
55448154,卡拉卡拉漫温泉,47,1,2,2,3.1,0.0
13826315,龙兴寺,8,1,3,2,4.7,0.0
69556129,葛仙山,20,1,2,1,3.3,0.0
57239202,柳凤休闲岛,14,1,3,1,3.5,0.0
13250663,国色天乡摩天轮,18,1,2,3,4.6,0.0
51700214,小鱼洞国际露营公园,32,1,3,1,2.5,0.0
13758237,温江公园,28,1,2,3,4.6,0.0
10759320,太子岭滑雪场,3,1,1,3,4.4,5.2
125707666,赵公山滑翔伞飞行营地,35,1,3,1,5.0,0.0
56809993,鸳鸯楼,3,1,1,2,3.2,0.0
90392,南湖梦幻岛,4,1,1,4,4.5,5.7
13103138,《放水大典·道解都江堰》,49,1,5,2,4.2,0.0
130874347,成都独角兽星空艺术馆,34,1,1,3,5.0,0.0
61910464,成都筋斗云滑翔伞营地,35,1,3,1,5.0,0.0
76451,九龙沟,30,1,3,2,4.1,0.0
124906976,袁隆平杂交水稻科技馆,34,1,2,1,5.0,0.0
44994994,沐青汤泉,47,1,2,2,4.3,0.0
71567405,SPEED PANDA（339赛道）,44,1,1,1,4.6,0.0
10559365,琴台故径,9,1,2,3,4.3,0.0
10520943,罨画池,37,1,2,3,4.5,0.0
13706520,水晶溶洞,20,1,3,2,4.1,0.0
13765512,郫县古城遗址,8,1,3,0,0.0,0.0
50078155,战旗村,3,4,3,2,4.4,0.0
56810138,宣化门,3,1,5,1,4.7,0.0
96353,川西竹海景区,30,1,1,4,4.4,6.6
36694373,新都尖锋旱雪四季滑雪场,3,1,2,3,4.8,0.0
30100054,山景豪宜温泉,14,1,3,2,3.5,0.0
18137288,祖师殿,3,1,3,2,4.6,0.0
52525386,多彩山地滑水,10,1,2,2,4.7,0.0
20911436,天然阁,8,1,3,2,4.6,0.0
33141701,都江堰VR全景旅游体验,44,1,5,2,4.9,0.0
13759407,白云万佛洞,20,1,3,2,4.4,0.0
24649050,成都大熊猫生态园旅游博物馆,25,1,1,3,4.7,0.0
82946,洛带古镇,15,4,1,4,4.3,6.3
15139161,华希昆虫博物馆,25,1,3,2,4.3,0.0
77287192,“李冰治水”荧光皮影剧,49,1,5,1,4.0,0.0
81011,黄龙溪,13,4,1,4,4.4,6.7
106711390,动速卡丁车俱乐部,44,1,5,1,1.0,0.0
112647056,小鱼洞镇,15,1,3,0,0.0,0.0
52135532,汶川大地震博物馆,25,1,2,0,0.0,0.0
39229307,古城古镇,15,1,3,1,5.0,0.0
123573217,鹿野花塔,3,1,3,1,4.5,0.0
134029426,都江堰途悦·霞客行房车露营地,32,1,3,0,0.0,0.0
79876545,宝山卡丁车俱乐部,44,1,3,2,4.1,0.0
13811412,成都乌木艺术博物馆,25,1,4,2,4.4,0.0
90498472,道明竹艺村,3,4,2,1,4.0,0.0
113962390,都江堰安飞通航直升机基地,35,1,5,0,0.0,0.0
133966948,自由地·花谷露营地,32,1,3,0,0.0,0.0
56816158,虹口花谷,3,1,3,1,2.6,0.0
13822459,易园园林艺术博物馆,25,1,2,2,4.5,0.0
76454,九峰山风景名胜区,20,1,2,2,4.4,0.0
13826245,凤凰山公园,28,1,2,2,4.4,0.0
10537764,百花潭公园,28,1,2,3,4.6,0.0
13764504,白岩寺,8,1,2,2,4.2,0.0
87780,彭州龙门山地震遗址公园,3,1,3,0,0.0,0.0
69290495,干海子,20,1,2,1,3.7,0.0
76382,宝光寺,8,1,2,3,4.5,0.0
52170037,金骊索道,3,1,3,0,0.0,0.0
131928333,朱家湾林盘景区,3,1,3,1,4.0,0.0
84090727,成都星空梦幻艺术馆（春熙路旗舰店）,34,1,1,2,5.0,0.0
129754660,蓥华大峡谷漂流,20,1,2,2,3.2,0.0
79656348,海洋馆,44,1,5,0,0.0,0.0
13703458,小通巷,9,1,2,3,4.4,0.0
24653318,通济花海,3,1,3,3,4.6,0.0
58303519,成都耍都,9,1,2,2,4.8,0.0
69290572,卧龙干海子,20,1,2,1,3.9,0.0
22866064,成都U37创意仓库,9,1,1,2,4.4,0.0
30629616,仁吉喜目谷,20,1,3,2,4.2,0.0
13826207,唐昌镇,15,1,3,2,4.4,0.0
91004385,虹瑞乐园,6,1,3,1,3.0,0.0
10520934,鹤鸣山,51,1,2,2,4.1,0.0
13789076,回龙沟景区,30,1,2,2,4.2,0.0
22638179,Air Pang Pang韩国亲子嘉年华,6,1,2,2,4.9,0.0
53230156,空港花田,3,1,1,3,4.1,0.0
101472,麦鲁小城,3,1,2,3,4.5,0.0
50572425,大坪滑翔伞基地,35,1,2,2,5.0,0.0
115334004,雲上自然缘森林温泉,47,1,3,1,3.5,0.0
126934346,熊猫香山,3,1,3,1,3.3,0.0
94994,锦里古戏台,49,1,2,3,4.4,0.0
52080197,玉清宫,8,1,3,1,5.0,0.0
24654081,沿江古道,8,1,5,2,4.5,0.0
112647033,棕榈世界房车露营地,32,1,3,1,4.0,0.0
130859550,蝴蝶森林王国,6,1,3,1,2.6,0.0
10521044,鹿野苑私立石刻艺术博物馆,25,1,3,2,3.9,0.0
49840355,熊猫小巷,9,1,5,1,4.4,0.0
32946426,飞越丛林探险乐园（三道堰园区）,3,1,2,1,5.0,0.0
131896590,三圣寺,8,1,3,0,0.0,0.0
10556907,新场古镇,15,4,1,3,4.5,0.0
58308801,虹口-龙溪国家级自然保护区珍稀动植物展示厅,34,1,4,0,0.0,0.0
83067113,融创归心四季SKI滑雪体验馆,3,1,5,0,0.0,0.0
52075488,娘娘殿,8,1,5,1,4.5,0.0
31669036,成飞公园,28,1,2,2,4.5,0.0
56806937,三郎镇,9,1,3,1,4.6,0.0
13822346,乌木林,8,1,2,2,4.6,0.0
30620153,汤乐源温泉体验馆,3,1,1,3,4.3,0.0
10758759,花舞人间,3,4,1,4,4.5,5.4
24654217,阴阳界,20,1,1,2,4.6,0.0
24653508,汶川博物馆,25,1,2,2,4.6,0.0
24649061,成都蜀锦织绣博物馆,25,1,2,3,4.5,0.0
77415446,蓬蓬动物王国,53,1,2,2,4.4,0.0
86698,段家大院子,3,1,1,2,4.2,0.0
55465191,四川省图书馆,18,1,2,2,4.2,0.0
46414173,狮子山户外登山健身步道,20,1,3,2,4.8,0.0
36380670,柳河坊,9,1,5,2,4.7,0.0
97588624,第一江南温泉,47,1,2,2,3.7,0.0
20914262,双泉水帘,20,1,3,1,4.6,0.0
24650398,虎啸岩,20,1,3,1,4.4,0.0
38638942,温江红枫基地,54,1,2,1,3.7,0.0
31674789,西蜀第一街,9,1,2,2,4.7,0.0
56810251,大熊猫月亮产房,53,1,2,2,4.7,0.0
23557105,泡桐树街,9,1,2,2,4.6,0.0
56381191,拾野自然博物馆,7,1,1,3,4.4,0.0
58279787,彭州九峰山,20,1,3,0,0.0,0.0
79871705,蒲虹国际滑翔伞俱乐部(都江堰店),35,1,4,0,0.0,0.0
112648791,龙池小镇,9,1,3,1,2.5,0.0
67626629,映秀家国情怀宣誓广场,18,1,3,1,4.7,0.0
112647508,诗里田园亲水度假区,55,1,2,1,1.0,0.0
133824677,龙泉驿欢乐田园,55,1,1,4,4.9,5.6
38400678,中国卧龙大熊猫博物馆,25,1,2,1,4.8,0.0
33212758,浪朗地中海水上乐园,10,1,2,2,3.9,0.0
78467422,东门市井,9,1,1,2,4.5,0.0
59711783,孟京辉城市浸没剧《成都偷心》,49,1,1,2,4.7,0.0
56808391,葛仙山镇,15,1,2,1,4.0,0.0
67634222,白云古寨,20,1,3,1,4.0,0.0
57155158,青城马术游乐园,3,1,3,0,0.0,0.0
24651444,舍利宝塔,8,1,3,2,4.8,0.0
13665169,安仁老街,9,1,2,2,4.6,0.0
98208,双桥沟,0,1,1,4,4.6,6.7
13492959,中华蝴蝶生态城,54,1,3,2,3.9,0.0
68158575,古城墙,3,1,2,1,4.7,0.0
133986894,404# Camp captain,32,1,3,0,0.0,0.0
79438856,成都皮影艺术博物馆,25,1,4,0,0.0,0.0
69148973,白沙河,20,1,3,0,0.0,0.0
134048570,舞蹈诗剧《只此青绿》-舞绘《千里江山图》,49,1,1,1,3.3,0.0
69153225,成都城市音乐厅,34,1,1,0,0.0,0.0
18137340,柳街,9,1,3,1,4.0,0.0
69099614,奈尔宝家庭中心（成都环球店）,3,1,1,2,4.4,0.0
55185155,广汉海立方海洋亲子乐园,3,1,1,3,4.5,0.0
22866063,安顺廊桥,3,1,1,2,4.6,0.0
15139128,小渔洞大桥遗址,3,1,3,0,0.0,0.0
13789457,温江绿道,28,1,3,2,4.5,0.0
98275906,白云寺,3,1,3,1,4.0,0.0
131897770,赵公山冰雪世界,3,1,3,1,2.0,0.0
61937298,玉林四巷街道,9,1,1,2,4.7,0.0
76455,什邡蓥华山风景区,20,1,2,2,3.9,0.0
38522947,涸河滩,3,1,5,1,4.0,0.0
10795209,天宝温泉,14,1,3,2,4.7,0.0
102828750,茶坪景区,3,1,3,0,0.0,0.0
31670734,天鹅湖,20,1,1,2,4.6,0.0
58303524,香香巷,9,1,1,2,4.3,0.0
130854246,成都冰雪大世界,3,1,2,1,3.7,0.0
24649063,温江文庙,8,1,2,2,4.6,0.0
24651260,梁家大院,3,1,3,1,4.3,0.0
24653518,卧龙镇,9,1,2,1,4.7,0.0
98117,长坪沟,29,1,1,3,4.5,5.8
118011426,阿凡达：探索潘多拉,24,1,2,1,4.6,0.0
36952036,灵岩古街,8,1,4,1,4.0,0.0
89965,萝卜寨,15,1,1,2,4.4,0.0
112648812,天一广场,18,1,3,0,0.0,0.0
13622491,悦来古镇,15,1,2,2,4.1,0.0
133953103,大野溪地露营地,32,1,2,1,5.0,0.0
38541572,武候祠博物馆西区,25,1,2,2,4.7,0.0
61932928,建设巷,9,1,1,2,5.0,0.0
123865926,成都融创滑雪学校,3,1,5,0,0.0,0.0
130370058,熊猫时空馆,24,1,1,2,3.9,0.0
112652047,大邑千佛山,20,1,3,1,3.0,0.0
36951313,邛人部落,3,1,1,3,4.9,0.0
98121,海子沟,20,1,1,2,4.4,0.0
78408042,幸福田园景区,3,4,3,1,3.8,0.0
13765334,天国寺,8,1,3,1,3.0,0.0
71570403,鲁家滩湿地公园,20,1,2,1,4.4,0.0
133897453,熊猫成都跳伞基地,35,1,3,0,0.0,0.0
130260026,味江·九州实景江湖,44,1,3,1,3.0,0.0
133528182,青城外山,3,1,3,0,0.0,0.0
118695071,古堰南韵川剧秀,46,1,5,0,0.0,0.0
38548523,云霄马戏团,49,1,2,1,4.0,0.0
13753007,烟霞湖,51,1,2,2,3.7,0.0
67709199,龙溪虹口国家级自然保护区-铁瓦寺,8,1,3,0,0.0,0.0
30801814,御垒山居温泉,47,1,5,2,4.5,0.0
52080209,财神殿,8,1,3,1,4.0,0.0
24648508,爱情斑马线,3,1,1,2,4.4,0.0
24649315,大邑雾山,20,1,2,1,4.8,0.0
18455528,红峡谷,20,1,1,2,4.0,0.0
13717243,白塔湖,20,1,2,2,4.0,0.0
79175822,成都夜游锦江,59,1,1,1,3.2,0.0
31813812,无里创意工厂,3,1,2,2,4.4,0.0
10795216,西岭峡谷漂流,43,1,2,3,4.5,0.0
31669184,簇锦古镇,15,1,2,1,5.0,0.0
33059829,斑竹林,39,4,1,2,4.4,0.0
69561475,圣母洞九天玄女宫,18,1,3,0,0.0,0.0
67815802,依田桃源,20,1,2,1,1.0,0.0
58308804,夜啤酒长廊,9,1,5,1,4.5,0.0
56810252,大熊猫一号别墅,53,1,2,2,4.6,0.0
52526328,《今时今日安仁》演出,49,1,2,2,4.7,0.0
80066251,汤乐汇,3,1,2,1,2.8,0.0
52133871,鸡冠山森林公园-风西山国家森林公园,39,1,2,2,4.3,0.0
98282719,刘文彩公馆,3,1,2,1,5.0,0.0
71565361,红豆幸福里,3,1,2,2,3.5,0.0
13302911,街子味江景区,3,1,3,2,4.3,0.0
112647064,金羊村-西部银杏第一村,3,1,3,0,0.0,0.0
102225765,地心引力减压娱乐蹦床团建中心,3,1,1,2,4.5,0.0
18655837,西羌第一村,15,1,2,1,3.6,0.0
89969,九鼎山,0,1,1,2,4.3,5.2
121556329,广汉·奇迹花田,3,1,1,2,3.2,0.0
13719417,合江亭,3,1,1,3,4.4,0.0
39830126,蓥华山水世界,10,1,2,1,4.6,0.0
36168387,青杠树景区,20,4,2,2,4.4,0.0
86696,房湖公园,37,1,1,3,4.5,0.0
44162684,四季冰雪王国-国色天乡（五期）,3,1,2,2,4.0,0.0
18043110,诺亚方舟(创业路店）,3,1,1,4,3.8,0.0
78588106,五星村,3,1,2,1,4.8,0.0
131898391,中国川菜博览馆,25,1,3,1,5.0,0.0
24652933,四川音乐学院,3,1,1,2,4.6,0.0
98275914,高空蹦极,3,1,2,0,0.0,0.0
13806474,成都市文化公园,28,1,2,3,4.6,0.0
15144515,中国科学院华西亚高山植物园,54,1,5,0,0.0,0.0
30390373,沙湾棕榈泉游泳馆,3,1,2,2,4.7,0.0
112647015,杨柳坪,20,1,4,0,0.0,0.0
13811396,汉昭烈庙,8,1,2,3,4.4,0.0
39192774,蜀水荷乡,3,1,2,1,5.0,0.0
31723295,非遗博览园,3,1,2,2,4.2,0.0
76456,崇州文庙,8,1,2,2,4.4,0.0
99497003,百丈长桥,3,1,3,1,5.0,0.0
90498457,郫县豆瓣博物馆,25,1,3,1,4.0,0.0
13753732,天国山,20,1,3,1,4.3,0.0
24648686,白云村,15,1,3,1,4.0,0.0
13641006,平安桥天主教堂,61,1,2,3,4.5,0.0
13765661,双流中心公园,28,1,2,2,4.7,0.0
36917101,葛仙山仙山花谷,3,1,2,1,2.9,0.0
31044810,慢时光鲜花小镇,9,1,3,1,3.0,0.0
13765174,彭州园,28,1,3,2,4.7,0.0
130578552,天府艺术公园,28,1,2,1,4.8,0.0
134016153,露营派·温江灯塔露营地,32,1,3,0,0.0,0.0
67830530,文殊坊文殊院历史文化保护区,3,1,2,2,4.6,0.0
98180309,天府国际慢城,20,4,2,1,4.2,0.0
51568351,樱花公园,28,1,3,0,0.0,0.0
55415187,Toga飞行跳伞运动基地,35,1,2,0,0.0,0.0
130262523,子云温泉,62,1,3,0,0.0,0.0
71542178,青龙湖湿地公园,63,1,1,2,3.9,0.0
118687010,蜀风雅韵·戏曲妆扮,3,1,2,0,0.0,0.0
24649051,电子科技大学,3,1,1,3,4.7,0.0
13759367,掷笔槽,20,1,3,2,4.6,0.0
62088827,露天音乐公园,28,1,2,2,4.5,0.0
39831159,三道堰镇乐水公园,64,1,3,1,3.2,0.0
20960313,花溪农场,3,1,4,1,3.2,0.0
52076448,崇州天演博物馆,7,1,2,2,4.8,0.0
134000212,中坝保护站,39,1,3,0,0.0,0.0
79725781,四川拾云营地,3,1,3,0,0.0,0.0
10758758,花水湾第一村温泉,47,1,1,3,4.4,0.0
13402583,生态大坪（成都小丹巴）,39,1,2,1,4.7,0.0
99587779,七彩玫瑰庄园,3,1,3,0,0.0,0.0
131134294,成都奇思妙想减压馆,34,1,1,3,5.0,0.0
33550838,江安河生态漂流,23,1,2,2,4.0,0.0
24652929,四川农业大学(成都校区),3,1,2,2,4.6,0.0
18518862,温江绿道红枫红叶节,3,1,2,2,4.5,0.0
38510840,温江区博物馆,65,1,2,2,4.6,0.0
39072029,加勒比冒险水世界,10,1,2,2,3.6,0.0
133991037,熊猫森林CAMP露营地,32,1,3,0,0.0,0.0
121370045,标地越野沙滩车乐园（温江基地）,3,1,2,1,5.0,0.0
131172521,成都天府美术馆,34,1,2,1,5.0,0.0
100016729,西部奇迹花海,3,1,3,1,1.5,0.0
79438853,都江堰市青城山历史博物馆,25,1,3,0,0.0,0.0
112648414,步云廊,8,1,5,0,0.0,0.0
69344062,三江风景名胜区,20,1,2,0,0.0,0.0
25161504,蜀国鹃都,54,1,3,2,3.1,0.0
56806243,龙门山风景区,20,1,2,2,4.9,0.0
56809429,望云亭,18,1,3,1,4.0,0.0
124346065,青城国际马术俱乐部,3,1,3,0,0.0,0.0
10532678,白水河自然保护区,20,1,2,1,4.4,0.0
56809639,西村大院,3,1,2,2,4.8,0.0
10537829,奎光塔公园,8,1,5,2,4.5,0.0
112648687,幸福路步行街,9,1,5,0,0.0,0.0
13811134,锦华馆,9,1,1,2,4.6,0.0
55705198,和海田园,55,1,1,4,3.9,5.2
13706350,府南河活水公园,63,1,1,3,4.4,0.0
13759417,文井江,9,1,2,1,5.0,0.0
22550208,西南民族大学,3,1,2,3,4.6,0.0
22866065,川军抗日阵亡将士纪念碑,3,1,2,0,0.0,0.0
20911561,桃花溪渡假公园,66,1,3,1,2.0,0.0
71566263,鹿野城堡,18,1,2,1,5.0,0.0
31676674,锦江,20,1,2,2,4.7,0.0
13765066,三昧水,8,1,3,2,4.5,0.0
81206701,双流中国网红馆,34,1,2,2,3.8,0.0
22866062,刘湘之墓,8,1,2,3,4.3,0.0
56375172,天府芙蓉园,3,4,2,2,4.1,0.0
51968704,祈福寺,8,1,3,1,5.0,0.0
56216157,迎宾路,3,1,5,1,1.0,0.0
83672331,普照寺-云水堂,18,1,3,0,0.0,0.0
93666959,青城道茶观光园,3,1,4,1,4.5,0.0
56374183,香草湖湿地公园,20,1,2,1,4.4,0.0
69154180,文庙街魁星楼,3,1,2,1,5.0,0.0
24653707,西蜀廊桥古镇,15,1,1,2,4.6,0.0
133978696,冲鸭梨花溪露营地,3,1,1,0,0.0,0.0
24652054,郫县博物馆,25,1,3,2,4.4,0.0
24651341,刘备墓,8,1,2,2,4.5,0.0
36681187,南宝山旅游度假区,30,1,1,3,4.4,0.0
56215156,红光镇,9,1,2,2,5.0,0.0
69569460,世界之窗,3,1,2,0,0.0,0.0
10798007,中国古羌城,15,4,1,3,4.2,5.4
20914269,鸳鸯井,8,1,3,2,4.3,0.0
31917303,锦里结义楼三国演出,49,1,2,2,4.0,0.0
90989778,丹景山开心水上乐园,62,1,3,1,2.3,0.0
31678877,水上摩天轮,18,1,2,2,4.7,0.0
86697,金雁湖,63,1,1,3,4.5,0.0
82724,平乐古镇,15,4,1,3,4.3,5.4
58279221,严君平故里,3,1,3,1,3.0,0.0
13835493,成都阳平玄观,8,1,3,1,4.4,0.0
52170046,大赤天宫,8,1,3,1,4.5,0.0
24649644,两河城市森林公园,28,1,2,2,3.8,0.0
13754383,陈家桅杆,3,1,3,2,4.0,0.0
128621385,三江漂流,20,1,3,0,0.0,0.0
13822453,成都毛主席像,3,1,2,0,0.0,0.0
10537774,清水河公园,28,1,2,3,4.3,0.0
33209898,哆呐星球,3,1,2,2,4.3,0.0
25344314,cesc卡丁车俱乐部,44,1,2,0,0.0,0.0
52172657,法藏寺,8,1,3,1,5.0,0.0
24653697,西南石油大学,3,1,2,3,4.7,0.0
98275891,窄巷子,3,1,2,1,4.2,0.0
124813389,成都极限跳伞俱乐部,35,1,2,0,0.0,0.0
112647249,温江和盛紫薇公园,37,1,3,0,0.0,0.0
13799045,郫县绿道,3,1,3,2,4.3,0.0
13460594,高原河谷国际山地户外体验营,3,1,5,1,3.0,0.0
33520631,森海水上乐园,62,1,2,2,4.4,0.0
24649059,成都市美术馆,34,1,2,2,4.7,0.0
131894839,川西音乐林盘,3,1,3,0,0.0,0.0
24649056,成都南郊公园,28,1,2,3,4.6,0.0
10795514,天府花都,3,1,2,2,3.9,0.0
123863102,7号部落·ATV全地形越野车俱乐部(郫都佛罗伦萨小镇店),3,1,3,1,4.0,0.0
101576,红豆村,3,1,2,2,3.7,0.0
13706326,明蜀王陵博物馆,25,1,1,2,4.0,0.0
13811122,成华公园,28,1,1,3,4.5,0.0
10543647,甘堡藏寨,15,4,1,2,4.2,0.0
133892616,水磨镇篷客露营地拾云店,32,1,3,0,0.0,0.0
24649542,杜鹃城遗址,8,1,4,2,4.4,0.0
23868188,蔚然花海,0,4,1,4,4.1,5.1
133965414,蚂蚁家自然露营地,32,1,2,0,0.0,0.0
22866228,雒城遗址,8,1,1,2,4.5,0.0
101430434,meland儿童成长乐园（温江合生汇店）,3,1,2,0,0.0,0.0
31852647,陶巴巴农场,3,1,3,1,5.0,0.0
56810079,九天楼,3,1,1,2,5.0,0.0
58281269,武侯祠横街,9,1,2,1,4.3,0.0
79658800,豪芸航空飞行营地,35,1,2,1,5.0,0.0
125707717,川派盆景博览园,3,1,3,0,0.0,0.0
70369895,快乐老街,9,1,3,1,3.7,0.0
15004606,都江堰市高科技农业旅游园,3,1,3,2,4.3,0.0
41797166,都江堰竹林寺,8,1,5,1,4.0,0.0
79175904,夜焰光影互动空间（成都欢乐谷店）,34,1,2,1,4.8,0.0
83906567,花水湾豪生百乐汤温泉,47,1,1,1,3.5,0.0
31678270,桂溪生态公园,28,1,1,2,4.6,0.0
13415829,宝光桂湖文化区,3,4,2,3,4.4,0.0
123867528,uniboard滑雪学校(融创店),3,1,5,0,0.0,0.0
23555858,熊猫主题邮局,34,1,2,2,4.5,0.0
20912662,芒城古城址,8,1,3,1,4.0,0.0
24653695,西南交通大学新校区,3,1,2,2,4.7,0.0
10759328,美洲四季滑雪场景区,3,1,1,2,4.3,0.0
32030224,龙腾居家庭农场,3,1,3,1,4.2,0.0
133825032,三分木山谷竹筏,20,1,3,1,5.0,0.0
52028097,菜园坝,66,1,3,1,5.0,0.0
31673727,萌宠乐园,53,1,2,1,4.4,0.0
56778293,钟鼎寺,8,1,2,1,4.0,0.0
126934656,蝴蝶谷,20,1,3,0,0.0,0.0
61416083,西岭雪山大飞水风景区,29,1,1,1,4.6,0.0
133892673,都江堰私房雨露露营地,32,1,3,0,0.0,0.0
10795327,四川大学博物馆,25,1,1,2,4.4,0.0
80429491,新都樱花园,3,1,2,1,2.4,0.0
65183521,乌龙岛院落,3,1,3,0,0.0,0.0
64321155,成都图书馆,3,1,2,1,4.7,0.0
52079265,交子公园,28,1,1,2,4.6,0.0
31670132,成都蝴蝶馆,25,1,1,2,4.7,0.0
10556868,三圣花乡旅游区,3,4,1,3,4.3,0.0
24980611,刘文辉旧居陈列馆,3,1,2,0,0.0,0.0
112647014,五月玫瑰园,3,1,2,1,4.0,0.0
98277735,大成殿,3,1,5,0,0.0,0.0
69556810,安龙海棠公园,28,1,3,0,0.0,0.0
69578495,赵公祖庙,18,1,3,1,3.0,0.0
126934519,横山花湖景区,3,1,3,0,0.0,0.0
87405,巴郎山,20,1,1,2,4.6,0.0
80061238,览虫书吧(崇州店),34,1,3,1,4.0,0.0
13794610,工部祠,8,1,2,2,4.4,0.0
69564631,清水河生态艺术公园,28,1,3,0,0.0,0.0
90498531,严家弯湾盆景文化村,3,1,3,1,3.0,0.0
13811453,三义庙,8,1,2,3,4.5,0.0
24652637,什邡罗汉寺,8,1,2,2,4.7,0.0
130843353,大锦酒肆·沉浸式戏剧,44,1,3,0,0.0,0.0
39405860,四川大剧院,31,1,2,1,4.7,0.0
52022578,水母馆,68,1,1,1,5.0,0.0
15150918,三国八阵图遗址,3,1,2,0,0.0,0.0
13656574,绵竹年画村,3,4,1,3,4.3,0.0
90498509,战旗村村史馆,25,1,3,1,4.0,0.0
56807596,翠月湖,20,1,4,0,0.0,0.0
51984836,青城山站-站前广场,18,1,3,1,5.0,0.0
69566019,蓝光青城河谷国际度假区,18,1,3,0,0.0,0.0
83717144,琅环仙馆,18,1,3,0,0.0,0.0
13789817,千佛塔,8,1,4,1,3.6,0.0
13794500,扬雄墓,8,1,3,1,4.1,0.0
13641010,成都当代美术馆,34,1,1,2,4.4,0.0
133997697,青城山飞行体验中心,3,1,3,1,5.0,0.0
25466689,大唐牡丹园,3,1,3,1,4.0,0.0
102475968,天府国际慢城阿牛小火车,3,1,2,1,3.0,0.0
13765370,安靖蜀绣公园,28,1,2,2,4.4,0.0
79668958,成都当代影像馆,34,1,2,1,4.0,0.0
31672140,青龙湖,20,1,1,2,4.6,0.0
18608514,格林庄园,3,1,2,1,4.6,0.0
133975965,白茶露营地,32,1,2,0,0.0,0.0
71566419,川秀剧场·爆笑川剧变脸秀,3,1,1,2,4.9,0.0
15144527,中国文化遗产纪念雕塑,3,1,2,0,0.0,0.0
31670820,云霄飞龙,3,1,2,1,4.4,0.0
130853683,洛带恐龙大世界,4,1,1,2,4.7,5.1
10532680,白鹿森林公园,28,1,2,1,4.0,0.0
69567038,宝山村国际山地旅游度假胜地,20,1,3,0,0.0,0.0
125707662,WOW小跳口袋乐园,3,1,3,0,0.0,0.0
71570407,斜源镇,9,1,2,2,4.4,0.0
22866167,七叠飞瀑,20,1,2,1,4.9,0.0
130257568,探洞工场( 环球中心旗舰店),3,1,1,1,4.5,0.0
50610739,成都玉女峰,18,1,1,0,0.0,0.0
20913603,龙王庙建筑群,8,1,3,1,3.0,0.0
24649930,观音庙,8,1,2,1,5.0,0.0
133952539,路图旅拍都江堰景区门店,3,1,5,0,0.0,0.0
61947482,中国皮影博物馆,25,1,2,1,4.7,0.0
39705984,卧龙自然与地震博物馆,65,1,2,1,4.0,0.0
130887026,花洲栈道,8,1,5,1,4.0,0.0
10521045,龙桥黑熊救护中心,53,1,2,2,4.3,0.0
13789653,桂湖公园,20,1,2,3,4.5,0.0
64411786,陇海三郎旅游度假区,66,1,3,0,0.0,0.0
52029931,龙王庙正街,9,1,1,2,4.8,0.0
22880984,大禹文化旅游区医务室,3,4,2,1,4.0,0.0
13790287,成都大学路,9,1,1,3,4.4,0.0
13796742,基督教恩光堂,61,1,1,2,4.3,0.0
24650688,剑南春森林公园,39,1,2,2,3.9,0.0
22866066,玉石之路,8,1,2,2,4.7,0.0
20906482,川西第一漂,43,1,1,2,4.1,0.0
31670773,幽灵古堡,3,1,2,0,0.0,0.0
24654690,中国民航飞行学院,3,1,1,2,4.5,0.0
30072490,成都松鼠部落森林假日公园,4,1,1,4,4.3,5.3
87873,什邡穿心店地震遗址,3,1,2,0,0.0,0.0
112650679,裸心湖,20,1,2,0,0.0,0.0
130369388,汪家湾花海,3,1,3,0,0.0,0.0
56808742,云桥湿地公园,20,1,3,1,5.0,0.0
52127885,般若寺素斋堂,8,1,3,1,5.0,0.0
50609205,川藏高速公路南线,3,1,1,2,4.7,0.0
31679066,升仙湖公园,28,1,2,1,4.7,0.0
112653711,彭州桂花镇罗汉洞水库,20,1,3,0,0.0,0.0
52076401,莲台彩池,8,1,2,0,0.0,0.0
38512076,熊猫科学探秘馆,34,1,1,2,4.4,0.0
24653689,西岭国家森林公园,30,1,1,1,4.8,0.0
90499223,南岸美村,3,1,1,1,5.0,0.0
31668252,广东会馆,3,1,3,2,3.9,0.0
22866198,仙鹤森林公园,39,1,1,1,3.0,0.0
71567397,成都天府潮玩馆（成都欢乐谷店）,34,1,2,1,5.0,0.0
10537781,塔子山公园,28,1,1,3,4.4,0.0
31672592,东湖公园,28,1,1,2,4.7,0.0
13811146,老成都民俗公园,28,1,1,2,4.4,0.0
112651291,彭州清泉叠翠度假山庄,66,1,3,0,0.0,0.0
126934459,西蜀第一山,51,1,3,1,5.0,0.0
51696280,盘龙山庄,66,1,2,1,3.0,0.0
30426028,铁像寺水街,9,1,1,2,4.5,0.0
118008225,崇州月季花园,3,1,3,0,0.0,0.0
131172476,天府艺术公园当代艺术馆,34,1,2,1,5.0,0.0
133965373,月途露营北星露营地,32,1,2,0,0.0,0.0
10758969,成都映象看川剧,46,1,2,3,4.3,0.0
13753542,龙潭水乡,9,1,1,3,4.1,0.0
112648691,崇州樱花种植基地,3,1,3,0,0.0,0.0
80223965,药师岩,20,1,2,1,4.7,0.0
129782682,稻乡渔歌,3,1,2,0,0.0,0.0
13765090,皇城清真寺,3,1,2,2,3.9,0.0
33574244,禧来蜀韵园,46,1,2,2,4.0,0.0
107418231,刘文辉公馆延庆园,3,1,2,1,3.8,0.0
18560571,道源圣城,3,1,2,2,3.3,0.0
123867559,蓝色气流跳伞滑翔伞俱乐部,35,1,1,0,0.0,0.0
69554552,成都景区直通车(长顺上街),18,1,2,1,4.7,0.0
77547173,成都欢乐谷碰碰车,3,1,2,0,0.0,0.0
79647478,长藤鬼校(春熙路IFS店),44,1,1,0,0.0,0.0
57151341,水磨温泉,47,1,1,1,3.3,0.0
13558470,亚特波塞冬欢乐世界,4,1,1,3,4.0,0.0
22866190,木鱼岛,20,1,2,0,0.0,0.0
89966,古尔沟温泉,14,1,1,2,3.9,5.5
13822476,静惠山公园,8,1,2,2,4.2,0.0
79861810,欧洲小镇,3,1,2,1,4.0,0.0
13822211,成都锦城公园,28,1,1,3,4.4,0.0
79436455,彭州博物馆,25,1,3,1,4.2,0.0
31672030,飞越西部,44,1,2,1,5.0,0.0
69563991,桂花龙窑,18,1,3,0,0.0,0.0
41201169,鲜多多草莓园,3,1,2,1,4.5,0.0
52052936,都江堰燕子岩森林生态观光园,39,1,4,0,0.0,0.0
13758759,干龙池,20,1,3,0,0.0,0.0
83355723,都江堰市稻米家家庭农场,3,1,4,0,0.0,0.0
31673705,茶文化公园,28,1,2,2,4.7,0.0
51996735,成都温江天香玫瑰缘,3,1,2,1,5.0,0.0
52080235,东远寺,8,1,3,1,5.0,0.0
79929341,汶川青少年活动中心,34,1,3,1,4.0,0.0
24648612,巴朗山垭口,20,1,1,2,4.8,0.0
13822217,石人公园,28,1,2,3,4.2,0.0
58189147,成都鸟语林,53,1,1,2,4.7,0.0
31670321,梅园,37,1,1,2,4.8,0.0
51970956,藏经楼,8,1,2,2,4.6,0.0
52104571,meland儿童乐园（金牛凯德店）,3,1,2,0,0.0,0.0
56810191,小熊猫2号活动场,53,1,2,1,4.9,0.0
69155204,盛世牡丹苑,54,1,3,1,1.5,0.0
28197449,诸葛双忠祠,8,1,1,2,3.8,0.0
56215157,安德街道,9,1,3,0,0.0,0.0
31661521,锦城湖,20,1,1,2,4.5,0.0
86722,龙居寺,8,1,1,2,4.3,0.0
24649053,成都国际会展中心,3,1,1,2,4.4,0.0
51970697,成都江滩公园,28,1,1,2,4.7,0.0
121012253,奈尔宝家庭中心（成都大悦城店）,3,1,2,1,3.0,0.0
124906972,成都5D光影幻境艺术馆(天府广场旗舰店),34,1,2,0,0.0,0.0
20908500,星期六儿童乐园,3,1,2,2,4.4,0.0
13624456,新津老君山,20,1,1,2,4.3,0.0
109566200,杰克船长的奇幻动物世界,4,1,1,0,0.0,0.0
13644365,龙溪羌人谷,20,1,1,2,4.4,0.0
69571505,飞跃地中海,6,1,2,1,4.0,0.0
10537815,永康森林公园,39,1,2,2,3.8,0.0
52094677,天府古戏院,46,1,1,1,4.0,0.0
57154254,TheDo热度潮拍·网红公园,34,1,1,1,4.8,0.0
56809965,梵木创艺区8号馆(GG场馆),3,1,1,2,4.3,0.0
13794256,诗史堂,3,1,2,2,4.4,0.0
65182805,冰川京什房车露营地,32,1,2,0,0.0,0.0
13759226,棠湖公园,28,1,2,3,4.6,0.0
56810320,综合馆,34,1,2,0,0.0,0.0
131644510,锦门·沉浸式民国景区,9,1,2,0,0.0,0.0
87897896,四川百姓博物馆,25,1,3,1,3.7,0.0
10762704,成都普罗旺斯国际薰衣草庄园,3,1,2,2,3.7,0.0
131896598,般若寺,8,1,3,0,0.0,0.0
39655476,共品钱币博物馆,25,1,2,2,4.9,0.0
130902950,成都失恋博物馆(春熙路旗舰店),34,1,1,2,4.8,0.0
52032852,樱花园,54,1,2,0,0.0,0.0
99496958,日月坪索道,3,1,1,0,0.0,0.0
119668918,JUMP360极限蹦床（成都339店）,3,1,1,1,3.0,0.0
79665563,成都滑翔伞飞行体验基地,35,1,2,0,0.0,0.0
133531814,猫咪博物馆,34,1,2,1,5.0,0.0
98275856,大熊猫太阳产房,3,1,1,1,4.0,0.0
30733084,白鹿镇恐龙园,6,1,2,2,4.3,0.0
31668621,鼓楼南街门楼,8,1,2,2,4.5,0.0
93564,德阳文庙,8,1,1,3,4.4,0.0
13806599,古娘娘庙,8,1,2,2,4.3,0.0
24653660,西村,3,1,2,2,4.4,0.0
31668605,体育博物馆,25,1,2,2,4.8,0.0
76449,成都天台山,0,4,1,4,4.3,6.1
13806724,辛亥保路纪念碑,3,1,2,0,0.0,0.0
24653207,天府蜀绣艺术馆,34,1,2,2,4.4,0.0
133844701,天台山,20,1,2,0,0.0,0.0
18614963,磐羊湖,20,1,1,2,4.6,0.0
112647294,龙窝子,20,1,2,0,0.0,0.0
52076454,成都澄园书画艺术博物馆,25,1,2,1,4.0,0.0
61113978,水隐桑田·绣里火锅,3,1,2,2,4.7,0.0
80237580,大师印记,34,1,2,0,0.0,0.0
82168673,府河摄影公园,28,1,2,2,4.9,0.0
51668114,茂县馆,8,1,3,0,0.0,0.0
112647333,菁蓉湖生态公园,28,1,3,0,0.0,0.0
13788223,子龙庙,8,1,2,2,4.5,0.0
69533604,九鼎山太子岭,20,1,1,1,4.3,0.0
123861532,Boobooboom蹦仓结球帮篮球公园,3,1,2,0,0.0,0.0
13641035,临邛古城,15,1,1,2,4.2,0.0
79647708,VR 漫科技沉浸交互体验馆(春熙路直营旗舰店),44,1,1,1,3.7,0.0
101578,龙居寺,8,1,2,2,4.5,0.0
33766906,黄龙溪廊桥,3,1,1,2,4.7,0.0
131892587,游牧巴士营地,32,1,1,1,4.9,0.0
101342427,“人生列车”沉浸式创意展,34,1,2,1,1.0,0.0
117053408,万花·拾景园,3,1,2,1,5.0,0.0
29879743,锦江白鹭湾生态湿地公园,63,1,1,3,4.5,0.0
22866070,遗迹馆,34,1,2,2,4.7,0.0
31755712,华侨城大剧院(纯水岸208区),31,1,2,1,3.8,0.0
124252523,海蒂和噜噜的花园,28,1,2,0,0.0,0.0
33589791,郫县红光国际马术运动场,3,1,2,0,0.0,0.0
49123723,花坞御景园,37,1,2,1,4.0,0.0
46005296,四姑娘山二峰,20,1,1,1,4.9,0.0
15139132,彭州市图书馆,3,1,3,2,4.6,0.0
57151265,安仁古镇国家宝藏线下体验馆,34,1,2,1,3.7,0.0
31668578,武侯广场,18,1,2,2,4.3,0.0
103091970,成都失恋博物馆,34,1,2,0,0.0,0.0
13811155,新繁东湖,20,1,2,2,4.4,0.0
130858162,蚕宝自然王国,3,1,2,1,5.0,0.0
22866164,观云台,18,1,1,2,4.9,0.0
38512932,渔猎漂流,20,1,2,0,0.0,0.0
78687950,开心牧场,3,1,1,1,3.0,0.0
52076568,二仙桥公园,28,1,1,2,4.8,0.0
133898867,重庆路,3,1,3,0,0.0,0.0
90498459,成都时代美术馆,34,1,1,1,4.8,0.0
98275939,淘气堡,3,1,2,0,0.0,0.0
124252444,郫县清水河公园,28,1,3,0,0.0,0.0
112649461,空港运动公园,28,1,2,1,4.0,0.0
86704,广汉白马寺,8,1,1,1,3.8,0.0
22881046,白鹿天主教堂,61,1,2,1,4.7,0.0
13794265,少陵碑亭,3,1,2,2,4.5,0.0
31672023,飞行岛,6,1,2,0,0.0,0.0
51971001,羊马湿地公园,20,1,2,1,2.8,0.0
115521068,芳华微马公园,28,1,2,1,4.4,0.0
56174229,星空影视基地,70,1,2,1,4.6,0.0
50610747,光华村,18,1,2,2,4.9,0.0
83812511,丹景山风景名胜区-舞台,18,1,3,0,0.0,0.0
117052595,Soreal VR电竞馆(恒大广场店),44,1,2,0,0.0,0.0
57328310,北湖生态公园,63,1,1,2,4.8,0.0
10537831,东坡休闲广场,18,1,2,2,4.5,0.0
24649316,大邑植物园,54,1,2,2,4.2,0.0
57153355,普罗旺斯妖媚花仙谷,3,1,2,2,3.5,0.0
13753890,川军抗战馆,3,1,2,0,0.0,0.0
131170501,郫都区银杏林,39,1,3,0,0.0,0.0
69101674,阿坝师范学院-图书馆,3,1,3,0,0.0,0.0
69528914,小火车,6,1,2,0,0.0,0.0
101616349,星际传奇（成都新世纪环球中心店）,44,1,1,1,3.5,0.0
36952663,同翔户外飞行基地,35,1,2,1,4.5,0.0
13392192,黑暗中对话,44,1,1,2,4.4,0.0
96150797,梵木flying国际文创公园,3,1,1,1,4.5,0.0
38335797,南湖公园,28,1,1,2,4.6,0.0
69558006,望从祠,8,1,3,0,0.0,0.0
77546044,西域飞天,3,1,2,0,0.0,0.0
78414568,中车共享城,3,1,1,1,4.7,0.0
56600176,NBA儿童乐园(环球中心店),6,1,1,2,4.4,0.0
31670632,成都文殊坊,18,1,2,2,4.5,0.0
24842994,小姐楼,3,1,2,2,4.6,0.0
61908614,八卦花田,20,1,3,1,5.0,0.0
13799182,孙中山铜像,3,1,1,0,0.0,0.0
24165483,达瓦更扎,20,1,1,2,3.9,5.9
52135537,白云寺,8,1,2,1,4.0,0.0
31668575,大源中央公园,28,1,1,2,4.7,0.0
79660551,大坪滑翔伞乐园(太古里店),35,1,1,0,0.0,0.0
98281712,抗战展馆群,25,1,2,0,0.0,0.0
31673060,麓湖水城,15,4,1,2,4.6,0.0
10537807,神仙树公园,37,1,1,3,4.4,0.0
56093161,阿狸田野乐园,3,1,1,2,3.8,0.0
77547040,加勒比风暴,3,1,2,0,0.0,0.0
79648664,第二界游戏动漫展,44,1,2,1,4.0,0.0
56808241,王建墓,8,1,2,1,4.6,0.0
79437638,川剧艺术陈列馆,25,1,1,1,5.0,0.0
52176182,冰川瀑布,20,1,2,0,0.0,0.0
31673130,九眼桥码头遗址,3,1,1,0,0.0,0.0
13335196,花水湾冰火漂流,23,1,1,2,4.5,0.0
24649055,成都理工大学,3,1,1,2,4.5,0.0
15151586,成都东门城墙遗址,3,1,1,0,0.0,0.0
112647193,创智公园,28,1,2,0,0.0,0.0
109380191,锦鲤祠·汉服文化体验馆,3,1,1,0,0.0,0.0
24302935,蓝顶工厂艺术区,3,1,1,1,4.0,0.0
65246889,温玉路,3,1,3,1,5.0,0.0
24652847,栓马石,8,1,2,2,4.6,0.0
58305867,成华·第五大道,9,1,1,2,4.6,0.0
13758752,新都泥巴沱,39,1,2,2,4.3,0.0
13822235,沙河公园,28,1,2,2,4.4,0.0
31669805,阿斗井,8,1,2,2,4.2,0.0
69152193,恐龙博物馆,25,1,1,0,0.0,0.0
71529680,三圣玫瑰谷,37,1,1,1,5.0,0.0
13392187,秀丽东方,3,1,1,4,4.5,0.0
131134282,成都脱单便利店（春熙路旗舰店）,34,1,1,2,4.6,0.0
22866177,和贵·滨河公园,28,1,1,2,4.5,0.0
69152284,鹤鸣山道观,8,1,2,1,4.0,0.0
10794453,毕棚沟娜姆湖温泉,71,1,1,1,4.2,0.0
10520949,猫鼻梁,20,1,1,2,4.4,0.0
52118570,音乐喷泉,3,1,2,1,4.5,0.0
69549295,红枫林,18,1,2,1,5.0,0.0
31675811,孩子王童乐园(成都青羊万达店),3,1,2,1,4.6,0.0
69569179,金沙鹿苑,53,1,2,2,4.8,0.0
70367073,成都规划馆,34,1,1,2,4.6,0.0
131917188,悦动彩林公园,28,1,2,0,0.0,0.0
10571439,3D魔幻/魔画世界,34,1,1,3,4.0,0.0
13806459,成都陕西会馆,8,1,2,2,4.3,0.0
13806734,龙藏寺,8,1,2,2,3.8,0.0
133840358,浩海立方海洋乐园,3,1,2,0,0.0,0.0
58303520,成都万达广场步行街,9,1,1,1,4.6,0.0
31670448,桑巴气球,3,1,2,0,0.0,0.0
13764931,凤凰湖湿地公园,28,1,1,2,4.3,0.0
20963096,欧悦真冰场,3,1,2,2,4.9,0.0
13806560,二仙庵,8,1,2,2,4.4,0.0
39705426,巴蜀青铜博物馆,65,1,2,1,4.0,0.0
13822282,新华公园,28,1,1,3,4.4,0.0
133520708,格林牧场,6,1,1,1,5.0,0.0
108169254,银杏路,3,1,2,1,5.0,0.0
79437639,崇州市博物馆,25,1,2,1,4.0,0.0
56810034,大坪山,20,1,2,0,0.0,0.0
112647012,北门夜市,9,1,2,1,4.0,0.0
10795157,四川绵竹九龙滑草场,3,1,1,3,4.3,0.0
112646716,象南里,9,1,1,2,4.5,0.0
79662004,图灵蓝速卡丁车俱乐部（优品道店）,44,1,2,1,5.0,0.0
31658719,清真古寺,3,1,2,1,5.0,0.0
79437611,成都中医药大学博物馆,25,1,2,1,4.8,0.0
52092341,双流机场儿童乐园,3,1,1,2,4.4,0.0
58338192,九龙山乡村旅游景区,3,4,1,0,0.0,0.0
30020025,新引力蹦床运动俱乐部,3,1,2,2,4.1,0.0
83315384,成都凤凰山体育中心,3,1,2,0,0.0,0.0
56809932,邓生沟,20,1,1,1,4.0,0.0
24652872,水晶宫,20,1,2,1,1.0,0.0
69154307,文锦江,20,1,2,0,0.0,0.0
124907755,官渠郊野公园,28,1,3,1,4.5,0.0
69573507,绵虒古镇,15,1,2,0,0.0,0.0
31668591,茶店子公园,28,1,2,2,4.5,0.0
134039432,温江小乡小院露营地,32,1,3,0,0.0,0.0
31668611,黄忠公园,28,1,2,2,4.5,0.0
52076464,金沙遗址路口站,3,1,2,0,0.0,0.0
79661029,蒲虹国际滑翔伞俱乐部(太古里店),35,1,1,1,5.0,0.0
13789102,送仙桥古玩艺术城,9,1,2,2,4.2,0.0
80266847,中国玫瑰谷国家玫瑰公园,3,1,1,2,3.4,0.0
90498483,竹编博物馆,25,1,2,1,4.0,0.0
31670870,成都诸葛庐,3,1,2,2,4.7,0.0
112648576,三郎樱缘谷,20,1,3,0,0.0,0.0
31676534,汤姆熊欢乐世界(财富又一城店),44,1,1,2,3.8,0.0
39696084,海豚号(成都)潜水中心,72,1,2,0,0.0,0.0
78474658,四姑娘山长坪沟景区,20,1,1,1,4.5,0.0
84048764,新河村,3,1,3,1,5.0,0.0
31668629,古琴台,3,1,2,2,4.6,0.0
79898788,开心麻花环球汇剧场,31,1,1,0,0.0,0.0
56213159,安靖街道,9,1,2,1,5.0,0.0
38521178,毕棚沟滑雪场,3,1,1,1,3.5,0.0
55861305,刺绣中国·蜀绣馆,34,1,2,1,5.0,0.0
22866209,天府花城石文化博物馆,25,1,2,1,4.8,0.0
18584624,枯树滩,20,1,1,2,4.5,0.0
18655821,西羌大峡谷,30,1,2,1,1.0,0.0
68499791,华公馆,34,1,2,0,0.0,0.0
90498521,罗家大院,3,1,3,1,5.0,0.0
133891757,微光营地,32,1,2,0,0.0,0.0
39816068,雍湖公园,28,1,2,2,4.7,0.0
130847965,潮尚蹦蹦床主题公园(武侯大悦城店),6,1,2,0,0.0,0.0
123219196,大眼花园,37,1,2,0,0.0,0.0
13822440,五彩瀑,20,1,1,1,4.5,0.0
22866071,文物保护中心,25,1,2,2,4.7,0.0
112648739,猛追湾公园,28,1,1,2,4.8,0.0
131170435,蕃米创意农场,3,1,3,0,0.0,0.0
65251924,音乐百花谷水上乐园,62,1,1,1,4.3,0.0
31670024,芙蓉第,3,1,2,2,4.7,0.0
112650462,植物编艺公园,54,1,3,0,0.0,0.0
41204169,成都·东湖公园·红美术馆,34,1,1,2,4.5,0.0
56777241,惠陵,8,1,2,1,4.8,0.0
131908732,韩礼臣潮玩保龄球体验馆,3,1,1,2,5.0,0.0
121105138,后仰喜剧脱口秀,49,1,2,1,5.0,0.0
112649141,杜鹃公园,28,1,2,0,0.0,0.0
69477840,中国西部国际博览城,34,1,1,1,4.6,0.0
38381108,成都自然博物馆,3,1,1,1,4.3,0.0
69449439,四川航空广场,3,1,2,0,0.0,0.0
44904193,兴隆湖湿地公园,63,1,1,2,4.5,0.0
91871,长老坪,20,1,3,1,4.0,0.0
24652636,什邡博物馆,25,1,2,2,4.3,0.0
31677834,小公园,28,1,2,2,4.8,0.0
133999155,蜀道通衢园,3,1,2,0,0.0,0.0
22866176,青少年宫,3,1,2,2,4.6,0.0
130369403,卓西牧场,3,1,2,0,0.0,0.0
90498517,碧落湖-光华公园,28,1,2,0,0.0,0.0
133988301,航天梦·中国梦航天科技成果展,73,1,2,0,0.0,0.0
84000837,自然王国,74,1,1,2,3.7,0.0
133980449,天府人文艺术图书馆,3,1,2,1,5.0,0.0
13412702,成都精英团野外拓展训练俱乐部,3,1,2,2,4.6,0.0
18167051,乐宝王国（海滨城店）,3,1,2,2,4.6,0.0
61932931,天际线(三圣花乡)房车露营地,32,1,1,1,5.0,0.0
29916257,连二里市,9,1,2,2,3.9,0.0
15144497,蛟龙港展示中心,34,1,2,2,4.3,0.0
87398,姜维城,8,1,2,2,4.1,0.0
112653629,石院坝山地越野公园,20,1,2,0,0.0,0.0
30787637,青城山睿宏酒店温泉,14,1,3,2,4.3,0.0
39657625,中信云栖谷高尔夫,3,1,4,1,3.0,0.0
51968618,赤城阁,8,1,3,1,5.0,0.0
52052603,青城山外山庄度假村,66,1,3,0,0.0,0.0
52056242,成都虹口新联三文鱼度假村,66,1,3,0,0.0,0.0
52080204,真武宫,8,1,3,0,0.0,0.0
52080205,玉兰情深,28,1,3,1,5.0,0.0
52129534,飞仙观,8,1,3,0,0.0,0.0
52125954,时空剧场,31,1,5,0,0.0,0.0
69903160,虹口高原虹河谷真人CS俱乐部,3,1,3,0,0.0,0.0
101342420,壹街区颐湖灯会,3,1,5,0,0.0,0.0
133528195,平乐寺,3,1,3,1,4.0,0.0
69558148,丰乐桃花山,20,1,3,0,0.0,0.0
83717145,圣灯亭,18,1,3,0,0.0,0.0
90993121,花蕊故里,39,1,3,0,0.0,0.0
112650004,卡子山,20,1,3,0,0.0,0.0
112650798,通济镇仿古建筑群,3,1,5,0,0.0,0.0
123861521,凤凰体育场,3,1,5,0,0.0,0.0
123868375,顶点运动中心,3,1,3,0,0.0,0.0
130886548,龙隐峡,20,1,3,1,5.0,0.0
130886902,亲水河滩,20,1,4,0,0.0,0.0
131149104,西蜀财神第一塔,8,1,5,0,0.0,0.0
131896606,八角庙,8,1,5,0,0.0,0.0
133857341,七里诗乡景区,3,1,3,0,0.0,0.0
133877130,玉垒堂沉浸式剧场,44,1,5,0,0.0,0.0
133964843,珠罗坝,3,1,4,0,0.0,0.0
133988295,狐巴巴星球露营地,32,1,3,0,0.0,0.0
134064328,水果侠水世界,62,1,5,0,0.0,0.0
39813546,浪度水上世界,62,1,1,1,3.6,0.0
117061401,宽窄匠造所,34,1,2,1,5.0,0.0
13706378,妈妈农庄,3,1,3,2,4.2,0.0
10759277,罗浮山会议中心温泉度假区,38,1,1,3,4.6,5.6
39445402,多彩小镇,9,1,1,1,4.4,0.0
117061549,网红直播间Directseedingroom,3,1,2,0,0.0,0.0
22866161,神鹿峰,20,1,1,0,0.0,0.0
24302930,IBOX爱盒子创意空间,3,1,1,2,4.3,0.0
112647570,三道堰花田囍事度假观光乐园,66,1,2,0,0.0,0.0
80070131,樱花谷山庄,3,1,2,0,0.0,0.0
24650458,浣花夫人祠,8,1,2,2,4.4,0.0
79218403,安仁铛铛车,3,1,2,1,4.3,0.0
98275938,古墓奇遇,3,1,2,0,0.0,0.0
13378900,天府乡村高尔夫俱乐部,3,1,2,1,4.7,0.0
90498484,见外美术馆,34,1,2,1,4.0,0.0
18655825,迥澜塔,8,1,3,1,4.7,0.0
31673689,荷风水村,3,1,2,1,4.9,0.0
77547038,天地双雄,3,1,2,0,0.0,0.0
133892501,自由旷野1号营地,32,1,2,0,0.0,0.0
56808429,竹溪公园,28,1,2,1,5.0,0.0
98278603,大雪塘,20,1,1,0,0.0,0.0
31669019,九里堤公园,28,1,2,2,4.6,0.0
24649446,东方广场,18,1,1,2,4.5,0.0
24653326,通溪河景区,30,1,1,1,5.0,0.0
13754352,成都体育中心,3,1,2,2,4.5,0.0
31670735,衣冠庙小游园,28,1,1,2,4.4,0.0
13797821,铁像寺,8,1,1,3,4.5,0.0
79660700,地中海4D影院,44,1,2,0,0.0,0.0
24649062,成都体育学院青羊校区,3,1,2,1,3.8,0.0
131149097,成飞航空主题教育基地,6,1,2,1,5.0,0.0
56810041,金星乡桃花寨,20,1,2,0,0.0,0.0
69509599,西岭雪山滑草场,3,1,2,0,0.0,0.0
24649206,大公园,28,1,2,2,4.4,0.0
22866165,金猴峰,20,1,1,1,4.1,0.0
13759354,金龙长城,18,1,1,3,4.3,0.0
56808875,永宁向日葵基地,54,1,2,0,0.0,0.0
70354404,陆游祠,8,1,2,1,4.0,0.0
98275946,童梦冒险岛,3,1,2,0,0.0,0.0
31668586,同心园,28,1,2,1,4.6,0.0
22866114,大龙潭,20,1,2,1,4.5,0.0
13826270,高堂寺,8,1,2,1,3.7,0.0
49214870,西部花千谷,3,1,2,2,3.3,0.0
80079851,完美文创公园,3,1,1,1,4.9,0.0
55918175,鹿鸣荷畔,20,1,3,1,5.0,0.0
31668256,白云沟,3,1,2,1,5.0,0.0
22866207,知美术馆,34,1,1,2,4.4,0.0
10548169,紫颐香薰山谷,3,1,1,4,4.0,0.0
112647721,大椿巷,9,1,3,0,0.0,0.0
56810221,茅屋故居,3,1,2,0,0.0,0.0
13640961,孝泉大孝故里景区,15,1,1,2,4.6,0.0
123862083,成都大河马全地形车丛林越野(青羊店),3,1,2,1,4.0,0.0
112646762,金沙滨河公园,28,1,2,1,4.0,0.0
56809290,恺庐,3,1,2,1,4.5,0.0
52104915,银杏广场,18,1,2,1,4.0,0.0
112647664,崇宁公园,28,1,3,0,0.0,0.0
69150029,金马河,20,1,2,1,4.0,0.0
56810219,万佛楼,3,1,2,1,4.5,0.0
13581779,冠军溜冰场(世豪广场店),3,1,1,2,4.5,0.0
56809992,钟楼地震遗址广场,3,1,2,0,0.0,0.0
98275931,塔米娜之舟,3,1,2,0,0.0,0.0
56806944,德门仁里,66,1,2,0,0.0,0.0
56810222,花径,3,1,2,1,4.8,0.0
13811275,爱道堂,8,1,2,2,4.5,0.0
69152040,成都世纪城新国际会展中心,34,1,1,1,4.5,0.0
133980503,龙门山柒村,3,1,3,0,0.0,0.0
61930854,乐奇冰雪乐园,75,1,1,2,4.4,0.0
38513676,抓壮丁剧场,31,1,2,1,4.0,0.0
112646996,民国风情街,9,1,2,1,4.0,0.0
22866231,剑南老街,9,1,1,2,4.1,0.0
22866181,合作镇,18,1,2,2,4.3,0.0
38485668,金强步行街,9,1,2,1,5.0,0.0
80066585,I BOX,3,1,1,0,0.0,0.0
98280603,红墙夹道,3,1,2,0,0.0,0.0
89895,九寨沟风景区,0,5,1,5,4.7,9.0
98275942,沙漠风暴,3,1,2,0,0.0,0.0
30750796,保利198公园,28,1,1,1,4.0,0.0
13822242,慧园,37,1,2,2,4.3,0.0
111989715,四川当代美术馆,34,1,2,0,0.0,0.0
56819165,嗨马乐动（环球店）,44,1,1,2,4.3,0.0
133913280,小绿球大地艺术露营地,32,1,2,0,0.0,0.0
18129223,乐宝王国（环球中心店）,3,1,1,2,4.7,0.0
51968709,种都蔬菜主题公园,6,1,2,1,5.0,0.0
91796,峨眉山,0,5,1,5,4.6,8.6
28581926,南湖梦幻岛嬉水乐园,10,1,1,3,4.5,0.0
69340570,兰亭叙(宽巷子),18,1,2,0,0.0,0.0
38379529,温江图书馆,3,1,2,1,4.3,0.0
21134009,大梁酒庄田园乐翻天乐园,3,1,1,3,4.4,0.0
121104838,斯古拉文旅城,76,1,1,1,4.3,0.0
78416982,点与线台球射箭俱乐部,3,1,2,1,4.0,0.0
31658333,四川省文化馆,34,1,2,2,4.6,0.0
76386,乐山大佛,8,5,1,5,4.5,8.2
13822255,龙潭寺,8,1,1,2,4.2,0.0
77546043,大摆锤,3,1,2,0,0.0,0.0
51962668,大足石刻工艺,25,1,2,1,5.0,0.0
50628743,成都西部国际金融中心展示厅,34,1,1,1,4.0,0.0
75864,黄龙风景名胜区,20,5,1,4,4.6,7.8
18345575,世外桃源大剧院,31,1,1,2,4.5,0.0
52230259,白塔寺碧落书舍,8,1,2,1,4.5,0.0
58279110,大渡河谷,20,1,1,1,4.3,0.0
89902,木格措,20,4,1,4,4.6,7.8
10523107,牟托寨景区,3,1,1,2,4.1,0.0
98275930,沙漠之鹰,3,1,2,0,0.0,0.0
98275921,哥伦布大探险,3,1,2,0,0.0,0.0
98275913,冲浪者,3,1,2,0,0.0,0.0
89792,海螺沟,77,5,1,4,4.3,7.6
112647644,金沙巷涂鸦一条街,9,1,2,0,0.0,0.0
81469535,缘来缘往爱情博物馆,34,1,1,0,0.0,0.0
90979052,聚友垂钓,3,1,2,1,3.0,0.0
80657,剑门关,0,5,1,4,4.6,7.3
78129,大足石刻,8,5,1,4,4.6,7.2
28515172,欢乐奇兵乐园,4,1,1,1,4.7,0.0
89470,阆中古城,13,5,1,4,4.6,7.1
98275963,水上狂欢广场,3,1,2,0,0.0,0.0
87412,黄河九曲第一湾,30,4,1,4,4.4,7.1
24274262,飞翔家亲子乐园—航空主题儿童乐园,3,1,1,2,4.3,0.0
24652853,双流县图书馆,3,1,2,2,4.7,0.0
56810054,唐求广场,18,1,3,1,4.0,0.0
82108,新都桥,78,1,1,4,4.6,7.0
130886917,岷江,20,1,3,0,0.0,0.0
80045421,成都飞行蛙滑翔伞俱乐部,35,1,2,1,4.0,0.0
39273012,成都花世界,3,1,2,0,0.0,0.0
112654007,万年古镇,8,1,2,0,0.0,0.0
76373,金顶,18,1,1,4,4.6,6.9
13644486,墨石公园景区,20,4,1,3,4.3,6.9
82809,瓦屋山风景区,0,4,1,4,4.3,6.9
31660932,可可堂科技馆,73,1,2,1,3.8,0.0
13754359,西来古镇,15,1,1,2,3.9,0.0
24650180,合江亭码头,20,1,1,2,4.4,0.0
46247200,自贡·中华彩灯大世界,3,1,1,4,4.6,6.7
52080287,圣迹寺,8,1,3,0,0.0,0.0
102734246,北门里·爱情巷,9,1,2,1,5.0,0.0
87559,自贡恐龙博物馆,7,4,1,4,4.5,6.6
84801,青木川古镇,15,4,1,3,4.4,6.6
13529921,九寨千古情,19,1,1,4,4.7,6.6
79174,泸定桥,3,4,1,0,0.0,6.5
82868,李庄古镇,15,4,1,4,4.5,6.5
80561,神仙池风景区,30,4,1,3,4.6,6.5
87389,红原—若尔盖大草原,30,1,1,3,4.5,6.4
98275941,欢乐奇缘,3,1,2,1,4.0,0.0
130369243,西岭雪山高山观景索道,3,1,2,0,0.0,0.0
85324,五彩池,20,1,1,4,4.7,6.4
10765188,乐和乐都主题乐园,4,4,1,4,4.7,6.4
39300990,白鹤鱼塘生态园,54,1,3,0,0.0,0.0
95471,牛背山,20,1,1,3,4.5,6.3
22866168,凤尾瀑,20,1,1,2,4.8,0.0
67828907,荷塘月色风景区,20,1,1,2,4.3,0.0
131644527,九门九州民国沉浸式剧场,44,1,2,0,0.0,0.0
56805101,字库,9,1,3,0,0.0,0.0
10520932,折多山,20,1,1,3,4.6,6.2
31668254,中国非物质文化遗产展示区,9,1,3,1,4.3,0.0
133551965,成都远洋太古里展览,34,1,1,1,5.0,0.0
85463,松潘古城,13,1,1,3,4.1,6.1
10758200,塔公草原,30,1,1,3,4.4,6.1
80656,千佛崖,8,4,1,4,4.4,6.1
79657444,天府绿道,34,1,1,1,4.0,0.0
56808430,李冰陵,8,1,2,1,5.0,0.0
89795,甲居藏寨,3,4,1,3,4.4,6.0
106596664,鱼子西,20,1,1,2,4.1,6.0
52076533,草堂留后世陈列室,34,1,2,1,4.0,0.0
134009285,童话露营地,3,1,3,0,0.0,0.0
52106792,银杏广场,18,1,3,0,0.0,0.0
87448,昭化古城,15,4,1,4,4.3,6.0
10543536,金顶索道,3,1,1,4,4.5,6.0
134041655,莫奈花园农场,3,1,2,0,0.0,0.0
85292,五花海,20,1,1,4,4.8,5.9
79161,牟尼沟风景区,20,1,1,3,4.5,5.9
95725,磨西古镇,15,1,1,3,4.3,5.9
29950634,木雅圣地景区,39,4,1,3,3.9,5.9
10543763,泸州老窖旅游区,3,4,1,4,4.5,5.9
110675433,萌宠Lers Go羊驼体验馆,34,1,1,0,0.0,0.0
131938801,大寺冰瀑,20,1,1,0,0.0,0.0
70369578,金雁湿地公园,20,1,1,1,5.0,0.0
76450,金堂云顶山风景区,20,1,1,3,4.2,0.0
10758700,灵秀温泉,14,1,1,4,4.6,5.7
76370,报国寺,8,1,1,4,4.5,5.7
98275943,雪域飞龙,3,1,2,0,0.0,0.0
133977671,露营派大邑营地,32,1,1,0,0.0,0.0
98275929,旋转飞椅,3,1,2,0,0.0,0.0
98275957,大漠拉力赛,3,1,2,0,0.0,0.0
112178369,EUREKA 优瑞卡儿童主题乐园(上城天街店),3,1,2,0,0.0,0.0
10545976,万象洞风景名胜区,20,4,1,3,4.2,5.7
101423751,Nice to meet U爱玩萌兔安哥拉巨兔体验馆,34,1,1,0,0.0,0.0
67829551,1906创意工厂,3,1,1,2,4.6,0.0
13522644,博客小镇,9,1,1,2,4.4,0.0
13242692,剑门关天赐温泉,14,1,1,4,4.7,5.6
78576,贡嘎山,20,1,1,3,4.6,5.6
79866207,成都富士康员工活动中心,34,1,2,0,0.0,0.0
85281,诺日朗瀑布,20,1,1,3,4.7,5.6
80659,明月峡,20,4,1,3,4.4,5.6
82802,黑竹沟,29,4,1,3,4.4,5.6
87558,盐业历史博物馆,7,1,1,4,4.5,5.5
90732,嘉阳小火车,3,1,1,4,4.2,5.5
10523684,嘉阳国家矿山公园,3,1,1,2,4.3,5.5
80660,皇泽寺,8,4,1,4,4.2,5.5
24650968,康定情歌广场,18,1,1,2,4.4,5.5
24032365,重庆自然博物馆（新馆）,7,4,1,3,4.8,5.5
80673,东方佛都,3,4,1,3,4.3,5.5
87518,邓小平故里,3,5,1,0,0.0,5.5
71529675,《只有峨眉山》演艺,49,1,1,3,4.8,5.5
89731,唐家河自然保护区,79,4,1,4,4.8,5.5
82865,翠屏山景区,28,1,1,4,4.9,5.5
133551975,春天花乐园花魔方展馆,34,1,2,0,0.0,0.0
123869233,花样年画·时光里,3,1,1,1,5.0,0.0
133554337,白云寺,3,1,1,1,1.0,0.0
89474,滕王阁,3,1,1,3,4.5,5.5
56808454,泸州老窖窖址,3,1,1,1,4.4,0.0
24652255,青溪古镇,15,4,1,4,5.0,5.4
122195117,王岗坪景区,0,4,1,2,4.0,5.5
76372,雷洞坪,20,1,1,3,4.4,5.5
10796330,西部大峡谷温泉,14,1,1,4,4.3,5.4
101370,黄龙主沟,20,1,1,3,4.8,5.4
85169,一线天,20,1,1,3,4.5,5.4
10523020,红原月亮湾,29,4,1,3,4.2,5.4
10521043,金口大峡谷,20,4,1,2,4.3,5.4
76344,万年寺,8,1,1,4,4.5,5.4
55769173,中清科华生命科普馆,73,1,1,1,4.4,0.0
108736215,鹰凡高尔夫俱乐部,3,1,2,0,0.0,0.0
80562,九寨沟爱情海景区,30,4,1,2,4.2,5.4
91779,中国死海旅游度假区,30,4,1,4,4.1,5.3
87407,卓克基土司官寨文化旅游景区,3,4,1,3,4.3,5.3
13622490,贡嘎神汤温泉,14,1,1,3,4.5,5.3
89896,川主寺镇,15,1,1,3,4.1,5.3
82107,燕子沟风景区,30,1,1,3,4.2,5.3
78468925,邮电局大楼,3,1,2,2,4.6,0.0
121915381,浪漫地中海海洋之心,3,1,1,3,4.5,5.3
85325,长海,20,1,1,4,4.7,5.3
22882939,文县天池国家森林公园,20,4,1,2,4.4,5.2
87562,燊海井,8,4,1,3,4.4,5.2
69342100,亚拉雪山风景区,20,4,1,2,4.3,5.2
82891,五粮液酒厂,3,1,1,4,4.9,5.2
89905,塔公寺,8,1,1,3,4.6,5.2
120142739,双旗美村,15,1,1,4,4.9,5.2
133964827,熊猫小镇红豆古树公园,28,1,1,0,0.0,0.0
80961,党岭,20,1,1,2,4.7,5.2
133433009,溪云书院,3,1,3,0,0.0,0.0
101745,古宇湖,20,4,1,4,5.0,5.2
24652278,清溪古镇,15,1,1,2,4.7,5.2
18584256,上下干海子,20,1,1,2,4.4,0.0
89468,朱德故里景区,3,5,1,0,0.0,5.2
130847990,萌宠体验馆,34,1,2,0,0.0,0.0
83717012,云丰沱江公园,28,1,3,0,0.0,0.0
10543761,隆昌石牌坊群,8,4,1,4,5.0,5.1
82323,茶山竹海,39,4,1,3,4.1,5.1
89884,黄龙五彩池,20,1,1,3,4.8,5.1
51566028,石板河景区,0,4,1,3,4.2,5.1
82316,重庆野生动物世界,2,1,1,4,4.4,5.1
115984152,木林森村温泉,47,1,1,2,4.5,5.1
56683032,罗中立美术馆,34,1,1,2,4.9,5.1
61438580,四川美术学院虎溪校区,3,1,1,2,4.5,5.1
69414150,x战车,18,1,2,0,0.0,0.0
31080867,峨眉山滑翔伞双人体验,3,1,1,2,4.9,5.1
99868198,宜宾三江游船,20,1,1,2,4.3,5.1
91951522,天路十八弯观景台,18,1,1,2,4.7,5.1
87565,荣县大佛,3,4,1,3,4.2,5.1
10543768,中路藏寨,3,1,1,2,4.5,5.0
91817,原始森林,39,1,1,3,4.6,5.0
77452331,冷嘎措,20,1,1,1,4.4,5.0
89475,凌云山风景区,20,4,1,3,4.1,5.0
78147,钓鱼城,8,4,1,3,4.4,5.0
22866095,十里长廊,3,1,1,2,4.7,5.0
50955859,九龙山滑翔伞,3,1,1,1,5.0,0.0
31077092,玫瑰海,3,1,1,3,4.7,0.0
22866188,轿顶山,0,1,1,2,4.0,0.0
83139874,大邑县银花稻香家庭农场,37,1,2,1,4.0,0.0
13682462,观音桥,51,4,1,2,4.7,0.0
96547,奶子沟彩林谷,30,1,1,2,4.4,0.0
20957734,天赐华汤温泉,14,1,1,3,4.5,0.0
10758166,北泉风景区,30,4,1,3,4.2,0.0
10787719,重庆柏联温泉,47,1,1,3,4.6,0.0
86754,七曲山大庙,8,1,1,4,4.6,0.0
24652127,七曲山风景区,20,4,1,2,4.0,0.0
98275924,浪漫雨林,3,1,2,0,0.0,0.0
10758701,红珠山森林温泉,14,1,1,4,4.4,0.0
80655,剑门蜀道,3,1,1,3,4.5,0.0
47397177,川南大草原,55,4,1,3,3.9,0.0
31675576,簇锦公园,28,1,2,1,4.3,0.0
69526137,萤飞谷,0,1,1,2,4.1,0.0
10543639,月亮湾,20,1,1,1,4.4,0.0
10543736,中国观音故里灵泉景区,8,1,1,4,4.5,0.0
78149,缙云山,20,4,1,3,4.4,0.0
100967,峨眉山生态猴区,53,1,1,3,4.0,0.0
28207725,清溪谷旅游区•花田酒地景区,3,4,1,3,4.4,0.0
91821,珍珠滩瀑布,20,1,1,3,4.7,0.0
69286051,折多山观雪台,18,1,1,2,4.3,0.0
22881235,孟获城,3,1,1,2,3.9,0.0
100940,迎宾池,20,1,1,2,4.4,0.0
101694,龙凤古镇,13,4,1,3,4.3,0.0
89482,西山风景区,20,4,1,3,4.3,0.0
52076478,腊梅林,39,1,2,1,4.0,0.0
101127,海螺沟二号营地冰川温泉,47,1,1,2,4.4,0.0
20954568,月亮湾,20,1,1,1,4.5,0.0
13540650,安居古城,15,4,1,3,4.3,0.0
30789135,南充海洋世界,21,1,1,3,4.3,0.0
56808890,贡嘎雪山观景台,18,1,1,2,4.2,0.0
78575,二郎山,20,1,1,3,4.4,0.0
93593,曾家山景区,20,4,1,3,4.5,0.0
93603,安岳石刻,8,4,1,2,4.3,0.0
10543616,瓦切塔林,8,1,1,2,3.5,0.0
20952310,子梅垭口,20,1,1,2,4.5,0.0
83859046,宜宾野生动物世界,2,1,1,3,3.9,0.0
95473,莫斯卡,3,1,1,2,4.7,0.0
31914534,鳌山圣境,3,1,1,2,4.0,0.0
50606096,荷花海国家森林公园,30,1,1,1,3.9,0.0
87560,中国彩灯博物馆,25,1,1,3,4.5,0.0
24654868,自贡彩灯公园,3,1,1,3,4.6,0.0
102141413,新金牛公园,28,1,2,2,4.6,0.0
89786,伍须海,20,1,1,2,4.8,0.0
10520946,恩阳古镇,15,4,1,3,4.1,0.0
85284,镜海,20,1,1,3,4.7,0.0
80658,翠云廊,3,1,1,3,4.4,0.0
10795492,雪溪洞,20,1,1,3,4.5,0.0
56807734,四川大渡河峡谷国家地质公园,20,1,1,2,4.4,0.0
76371,伏虎寺,8,1,1,3,4.6,0.0
10547422,阿坝州,18,1,1,2,4.8,0.0
34491520,泸州欢乐海底世界,21,1,1,3,4.2,0.0
15055043,北山石刻,8,1,1,3,4.6,0.0
85198,四面十方普贤像,3,1,1,3,4.7,0.0
69574007,龙苍沟国家级森林公园,29,1,1,2,3.6,0.0
23579268,高庙古镇,15,1,1,2,4.7,0.0
82742,清音阁,8,1,1,3,4.4,0.0
20952274,中国红石公园,20,1,1,2,4.8,0.0
101749,重龙山,20,1,1,3,4.3,0.0
94791,神座,39,4,1,2,4.6,0.0
31062771,冶勒湖,20,1,1,2,4.4,0.0
91863,好吃街,9,1,1,2,4.0,0.0
13647341,酒城乐园,4,1,1,3,4.3,0.0
10759070,中国·洪雅半山七里坪旅游度假区,38,1,1,3,4.5,0.0
82786,罗城古镇,15,4,1,2,4.1,0.0
80958,八美镇,9,1,1,2,4.6,0.0
91825,芦苇海,20,1,1,3,4.7,0.0
130848861,交子大道,9,1,1,1,4.2,0.0
56806945,吊脚楼,3,1,1,1,3.3,0.0
93602,圆觉洞摩崖造像风景区,8,4,1,3,4.6,0.0
91346,汉桓侯祠,8,1,1,3,4.4,0.0
33101845,俄么塘花海景区,39,4,1,3,3.8,0.0
129757661,花园城国际度假中心,55,1,1,3,5.0,0.0
75866,日则沟,20,1,1,3,4.8,0.0
38336561,罗泉古镇,15,4,1,2,4.4,0.0
87572,仙市古镇,15,4,1,3,4.3,0.0
15123941,宝顶山景区,51,1,1,3,4.6,0.0
85300,熊猫海,20,1,1,3,4.6,0.0
98870116,天府茶灵谷山地运动公园,4,1,1,3,4.4,0.0
67626732,木雅大寺,8,1,1,1,4.6,0.0
56220176,大千欢乐世界,4,1,1,2,4.0,0.0
75863,则查洼沟,30,1,1,3,4.7,0.0
23850556,龙水湖旅游度假区,38,1,1,4,4.6,0.0
78423617,苏稽古镇,15,1,1,2,3.8,0.0
55893154,雅女湖,20,1,1,2,4.5,0.0
24650355,葫芦海,20,1,1,2,4.9,0.0
79155173,剑门关古镇,15,1,1,2,3.9,0.0
56776276,少城苑,28,1,2,1,4.1,0.0
75865,树正沟,20,1,1,3,4.7,0.0
13095549,阆中熊猫乐园,4,1,1,3,3.8,0.0
28352666,阆中古城游船,59,1,1,2,4.2,0.0
85316,火花海,20,1,1,3,4.6,0.0
85315,树正群海,20,1,1,3,4.7,0.0
30611885,恐龙欢乐王国,4,1,1,3,4.1,0.0
134016846,牛背山星辰露营地,32,1,1,1,5.0,0.0
10543404,沐川竹海,39,1,1,3,4.5,0.0
18126911,大佛禅院,8,4,1,2,4.4,0.0
100943,争艳池,20,1,1,2,4.6,0.0
101737,大千园,3,4,1,3,4.4,0.0
120837255,剑门长歌,19,1,1,3,5.0,0.0
89526,神龙山巴人古堡,8,4,1,3,4.6,0.0
22866107,大渡河,20,1,1,2,4.4,0.0
56809819,碧口古镇,15,1,1,1,3.4,0.0
10532714,舍身崖,20,1,1,2,4.5,0.0
82095,万灵古镇,15,4,1,3,4.5,0.0
56809411,溜溜城,9,1,1,1,4.4,0.0
24653672,西沟栈道遗址,3,1,1,0,0.0,0.0
93561,西索民居,15,1,1,2,4.6,0.0
18119343,红石滩,20,1,1,2,4.5,0.0
58278463,甘海子国家森林公园,30,1,1,1,5.0,0.0
86394,张坝桂圆林,39,4,1,3,4.5,0.0
36290459,夜游三江(八仙洞码头),59,1,1,3,4.5,0.0
78943338,冷古寺,8,1,1,1,3.7,0.0
22928709,欢乐派海滩公园,10,1,1,4,4.6,0.0
121152084,杨雄故里,34,1,3,1,3.0,0.0
18615036,瑶池,20,1,1,1,4.6,0.0
85199,华藏寺,8,1,1,2,4.6,0.0
110675329,喜心温泉,47,1,1,0,0.0,0.0
89469,锦屏山风景区,20,1,1,3,3.9,0.0
18655931,各莫寺,8,1,1,2,4.6,0.0
85326,牟尼沟扎嘎瀑布,20,1,1,2,4.5,0.0
96954,石刻艺术墙,3,1,1,3,4.5,0.0
91348,华光楼,3,1,1,3,4.6,0.0
51608268,金秋颐养娱乐山庄,66,1,2,1,4.0,0.0
13695469,凤凰楼,18,1,1,2,4.5,0.0
31442048,天堂香谷,3,1,1,2,3.9,0.0
85320,犀牛海,20,1,1,3,4.6,0.0
22866238,高尔寺山黑石城,20,1,1,2,4.5,0.0
130854150,万象童话王国森林公园,3,1,1,2,4.7,0.0
115616280,《登嘎甘㑇》演出,19,1,1,2,5.0,0.0
71415719,夜游釜溪水上灯会,59,1,1,2,4.5,0.0
23574948,情人海,20,1,1,2,4.6,0.0
34512317,大雅堂,34,1,2,2,4.4,0.0
91822,树正瀑布,20,1,1,3,4.6,0.0
131937887,古宇湖孔子文化公园,28,1,1,4,5.0,0.0
91396,老虎海,20,1,1,3,4.6,0.0
18584153,诺日朗群海,30,1,1,2,4.8,0.0
35197305,龙苍沟叠翠溪景区,29,4,1,2,4.1,0.0
56806795,白龙湖,20,1,1,4,5.0,0.0
18418155,两弹城,3,4,1,3,4.5,0.0
52076539,斗姥殿,8,1,2,1,4.0,0.0
33764388,西部牧场,39,1,1,1,4.3,0.0
13695495,周子古镇,15,1,1,2,4.4,0.0
98178,九寨沟《藏王宴舞》演出,49,1,1,2,4.3,0.0
82923,马湖风景区,30,4,1,2,4.6,0.0
24651476,炉霍县,9,1,1,2,4.6,0.0
24649343,丹巴县,9,1,1,2,4.6,0.0
10758199,跑马山,20,1,1,3,3.9,0.0
79656848,创舍(宽窄巷子店),3,1,2,1,5.0,0.0
76387,巨型睡佛,30,1,1,2,4.4,0.0
76343,洪椿坪,20,1,1,2,4.4,0.0
87855065,阆中古城地质矿物博览馆,7,1,1,3,4.9,0.0
91397,盆景滩,20,1,1,3,4.4,0.0
95714,一号营地,39,1,1,2,4.2,0.0
24651560,马尔康县,18,1,1,2,4.4,0.0
124349942,凤仪湾可爱岛温泉水世界,4,1,1,2,2.9,0.0
80962,梭坡藏寨古碉群,3,1,1,2,4.4,0.0
86484,铜锣坝国家森林公园,30,1,1,2,4.8,0.0
20957590,海螺沟冰川索道,3,1,1,2,4.3,0.0
28177334,道孚牛奶海,20,1,1,1,4.5,0.0
86711,白马王朗国家级自然景区,30,1,1,3,3.7,0.0
80676,九曲栈道,8,1,1,3,4.5,0.0
31442058,镰刀坝草原,39,1,1,1,2.7,0.0
89925,木雅金塔,8,1,1,2,4.3,0.0
24651479,泸定桥纪念馆,3,1,1,0,0.0,0.0
10520926,大瓦山,3,1,1,2,4.7,0.0
85327,二道海,20,1,1,2,4.6,0.0
85196,接引殿,8,1,1,2,4.4,0.0
82090,涞滩古镇,15,4,1,3,4.4,0.0
22019225,昌州古城,3,1,1,2,4.0,0.0
95719,三号营地,30,1,1,2,4.4,0.0
33470023,千佛寨,8,1,1,2,4.5,0.0
24652941,四人同,3,1,1,2,4.5,0.0
10521039,虎牙大峡谷,20,1,1,2,4.2,0.0
98275912,丝路传奇,49,1,2,0,0.0,0.0
33764222,九黄圣地花海,3,1,1,1,5.0,0.0
76385,凌云山,20,1,1,2,4.5,0.0
89963,卡龙沟,30,1,1,3,4.4,0.0
87542,宝箴塞,3,4,1,3,4.2,0.0
89974,格尔登寺,8,1,1,2,4.3,0.0
96391,红海草原,30,1,1,2,4.3,0.0
79077048,沱牌舍得文化旅游区,3,4,1,2,4.6,0.0
85302,箭竹海,30,1,1,3,4.7,0.0
56806267,高尔寺山,20,1,1,1,4.8,0.0
13811541,圣水禅林,8,1,1,2,4.5,0.0
85285,珍珠滩,20,1,1,3,4.7,0.0
75861,雪宝鼎,20,1,1,2,4.5,0.0
78133,潼南大佛寺,8,4,1,3,4.4,0.0
85471,黄龙寺,8,1,1,2,4.3,0.0
23574957,龙灯草原,39,1,1,2,4.8,0.0
71538628,凤仪湾中法农业科技园,3,1,1,2,4.0,0.0
60696972,成都华熙LIVE·528M空间,31,1,1,1,4.3,0.0
86410,玉蟾山,30,1,1,2,4.5,0.0
44017159,安顺场景区,3,4,1,2,4.1,0.0
89473,太蓬山,20,1,1,2,4.5,0.0
133913249,自贡方特恐龙王国,6,1,1,4,5.0,0.0
13682458,阆苑仙境大型实景演出,19,1,1,3,4.2,0.0
82012,万佛顶,20,1,1,2,4.6,0.0
10543636,日干乔大沼泽,20,1,1,2,4.1,0.0
56806268,二郎山隧道,3,1,1,2,4.3,0.0
10795221,唐家河漂流,23,1,1,3,4.8,0.0
69351398,峨眉山滑雪场,3,1,1,1,3.8,0.0
89467,宋代白塔,8,1,1,2,4.3,0.0
47951293,御泉湾温泉,14,1,1,2,4.5,0.0
18036782,广安文旅乐活城,3,1,1,2,4.3,0.0
24650321,红原县城,18,1,1,2,4.6,0.0
10520933,青林口古镇,15,1,1,2,4.1,0.0
95722,四号营地,20,1,1,2,4.6,0.0
10763276,广德寺风景区,8,1,1,3,4.5,0.0
23579279,金沙铺地,20,1,1,2,4.8,0.0
56806790,嘉陵江,20,1,1,1,4.4,0.0
131172004,乐山白日游船,59,1,1,1,5.0,0.0
13647404,中天楼,3,1,1,3,4.5,0.0
96402570,低坑大瀑布景区,20,1,1,1,3.9,0.0
20906509,兔子山,20,1,1,2,4.4,0.0
13703312,昌列寺,8,1,1,2,4.8,0.0
33764207,螺湖水世界,10,1,1,2,4.5,0.0
36950062,张公桥好吃街,9,1,1,2,4.5,0.0
18139692,铜梁奇彩梦园,3,4,1,4,4.3,0.0
89571,平武报恩寺,8,4,1,2,4.3,0.0
10543432,桫椤峡谷,20,1,1,2,4.1,0.0
93589,凤凰山公园,28,1,1,2,4.5,0.0
87535,沿口古镇,15,1,1,3,4.4,0.0
24651482,泸州博物馆,25,1,1,2,4.4,0.0
58304939,阿坝藏族羌族自治州马尔康步行街,9,1,1,1,4.8,0.0
91347,清代四川贡院,8,1,1,3,4.5,0.0
13280677,圣灵山地质公园,20,1,1,3,3.7,0.0
56806921,剪子弯山,20,1,1,2,4.4,0.0
24651743,茗山寺,8,1,1,2,4.3,0.0
69296235,西部大峡谷,20,4,1,1,5.0,0.0
10543607,禹迹山大佛旅游景区,8,1,1,2,4.4,0.0
82781,凌云寺,8,1,1,3,4.5,0.0
33191993,五凤山,20,1,1,1,3.8,0.0
99588,边边街,9,1,1,3,4.3,0.0
18584167,洗身洞,20,1,1,2,4.5,0.0
56809059,魏氏宅院,3,1,1,1,4.5,0.0
89579,罗浮山,0,4,1,2,4.3,5.3
69142902,大足石刻博物馆,25,1,1,2,4.6,0.0
10543285,青山岭森林公园,30,1,1,1,4.1,0.0
58279154,栗子坪自然保护区,30,1,1,1,4.5,0.0
93559,北湖公园,37,1,1,3,4.5,0.0
56810180,熊宗卡,20,1,1,2,4.3,0.0
69354635,重庆北温泉,47,1,1,1,5.0,0.0
82908,七仙湖风景区,20,1,1,2,4.2,0.0
20952350,雅哈垭口,20,1,1,1,4.5,0.0
80960,丹巴美人谷,20,1,1,2,4.3,0.0
18182423,广元曾家山滑雪场,3,1,1,3,4.2,0.0
55844735,翔龙山摩崖石刻,8,1,1,1,4.6,0.0
49842222,乐山硝洞,20,1,1,1,4.5,0.0
31673272,黄忠文化广场,18,1,2,2,4.7,0.0
95717,二号营地,47,1,1,2,4.3,0.0
33213378,漫天岭国际滑草场,4,1,1,2,4.3,0.0
77200242,华尖山,20,1,1,1,4.4,0.0
56809171,南溪古街,9,4,1,2,3.9,0.0
34492477,凤垚香谷水世界,10,1,1,2,3.8,0.0
69287734,斯丁措,3,1,1,0,0.0,0.0
89883,甲蕃古城,8,1,1,2,4.1,0.0
86412,方山,20,1,1,3,4.3,0.0
10521414,西南大学,3,1,1,3,4.7,0.0
33213188,宜宾欢乐海洋世界,68,1,1,2,4.2,0.0
29968188,七洞沟,39,4,1,2,4.0,0.0
13753780,观音寺,8,1,1,2,4.6,0.0
96993,佛手山风景区,20,1,1,2,4.7,0.0
56808928,骡马市青龙街,9,1,2,1,4.8,0.0
10786159,潼南崇龛油菜花,3,1,1,3,4.4,0.0
86395,泸州老窖国宝窖池,8,1,1,2,4.6,0.0
80067092,筋斗云滑翔伞基地(太古里店),35,1,1,0,0.0,0.0
91823,卧龙海,20,1,1,3,4.6,0.0
55844729,南关石牌坊古镇,15,1,1,4,5.0,0.0
67632652,甲居藏寨-碉堡,18,1,1,2,4.6,0.0
59745157,《飞夺泸定桥》实景剧,49,1,1,0,0.0,0.0
22866189,郭家巷,15,1,3,1,5.0,0.0
79438868,甘孜藏族自治州博物馆,25,1,1,1,4.6,0.0
20944629,乐山大佛碑刻,8,1,1,2,4.7,0.0
131896580,北关石牌坊,8,1,1,3,5.0,0.0
87517,邓小平故居陈列馆,3,1,1,0,0.0,0.0
51918731,金顶索道-上部站,3,1,1,1,4.8,0.0
83441810,中国桌山黑石公园,20,1,1,2,4.9,0.0
10795373,观音湖景区,20,4,1,3,4.7,0.0
82094,双江古镇,15,4,1,2,4.3,0.0
24654216,阴平古道,8,1,1,2,4.8,0.0
28207044,龙水湖水乐园,10,1,1,3,4.4,0.0
51867214,万年索道-上部站,3,1,1,1,5.0,0.0
79695518,甘孜州雅江县,9,1,1,1,5.0,0.0
31658337,现代艺术馆,34,1,2,2,4.4,0.0
20957870,中查沟,20,1,1,2,4.5,0.0
133528202,四川大渡河峡谷国家地质公园金口河园区,3,1,1,1,5.0,0.0
89471,升钟湖,20,4,1,2,4.6,0.0
38954388,中国工农红军强渡大渡河纪念地,3,1,1,0,0.0,0.0
24653584,五粮液酒史博物馆,25,1,1,2,4.5,0.0
87571,自贡尖山风景区,30,4,1,2,4.2,0.0
78432157,广元卡尔海洋世界,21,1,1,2,3.7,0.0
101695,中华侏罗纪探秘旅游区,4,4,1,3,3.6,0.0
56153154,峨嵋半山七里坪国际度假区,66,1,1,1,4.1,0.0
24654041,雅家埂红石滩公园,20,1,1,2,4.6,0.0
24652489,色尔坝藏寨,3,1,1,1,4.8,0.0
82841,南无寺(开场店),8,1,1,2,4.4,0.0
109658209,复仇者联盟世界巡回展·成都站,34,1,1,0,0.0,0.0
27320491,拉日马草原,39,1,1,1,4.8,0.0
100942,盆景池,20,1,1,2,4.5,0.0
24654043,雅克夏雪山,20,1,1,1,4.5,0.0
22549725,西部大峡谷四季水城,10,1,1,3,4.3,0.0
48211156,泸县宋代石刻博物馆,25,1,1,2,4.5,0.0
24651723,岷江源,20,1,1,2,4.3,0.0
28176739,白日山,30,1,1,1,4.0,0.0
82880,合江门,18,1,1,3,4.5,0.0
38983087,地震博物馆,25,1,1,2,5.0,0.0
91820,熊猫海瀑布,20,1,1,3,4.6,0.0
15054845,观音塘湿地公园,63,1,1,2,4.6,0.0
18119351,磨西天主教堂,3,1,1,2,4.1,0.0
20940845,峨眉山源头温泉,47,1,1,2,4.6,0.0
20952339,泉华滩,20,1,1,2,4.5,0.0
93605,毗卢洞文物景区,8,1,1,2,4.5,0.0
50610612,大风顶自然保护区,30,1,1,1,4.7,0.0
39073048,中国保宁醋文化博物馆,25,1,1,2,4.3,0.0
25344320,乐山大佛博物馆,25,1,1,2,4.6,0.0
82739,洗象池,8,1,1,2,4.4,0.0
124906724,袁天纲旧居,3,1,1,1,4.0,0.0
15129111,神女湖风景区,28,1,1,3,4.5,0.0
28177364,玉科草原,39,1,1,1,4.7,0.0
82849,水井子,20,1,1,2,3.8,0.0
87583,望鱼古镇,15,1,1,2,4.4,0.0
82013,白龙洞,8,1,1,2,4.4,0.0
39323174,广元市博物馆,65,1,1,2,4.5,0.0
71566472,海底隧道,3,1,1,0,0.0,0.0
24650843,缙云山黛湖,20,1,1,2,4.4,0.0
18119297,女皇温泉,14,1,1,3,4.4,0.0
10543433,嘉阳桫椤湖旅游景区,30,4,1,2,4.0,0.0
86407,龙脑桥,8,1,1,2,4.5,0.0
18658637,零公里,3,1,1,2,4.2,0.0
22866108,南津关古镇,8,1,1,2,3.9,0.0
130152352,恩阳船说,59,1,1,1,3.8,0.0
56807979,白龙江,20,1,1,1,4.7,0.0
36165632,川北道署,3,1,1,2,4.2,0.0
89531,岳池翠湖,20,1,1,3,4.5,0.0
55706169,熊贝悦儿童乐园,3,1,2,0,0.0,0.0
129745785,内江欢乐海底世界,21,1,1,1,4.1,0.0
56808874,日照金山,20,1,1,1,4.3,0.0
58279369,西充凤凰山,20,1,1,1,4.0,0.0
34201534,龙女湖旅游度假区,20,1,1,1,4.4,0.0
30237331,状元街,9,1,1,2,4.0,0.0
131914402,金刚碑快乐村庄,15,1,1,2,4.2,0.0
13647416,嘉陵第一桑梓,3,4,1,2,4.5,0.0
133846806,怪圈植物迷宫,54,1,2,0,0.0,0.0
82900,大观楼,3,1,1,2,4.1,0.0
24651114,阆中白塔,8,1,1,2,4.5,0.0
30814612,金兰花谷景区,3,1,1,2,3.6,0.0
93591,川北民俗文化园,30,1,1,2,4.3,0.0
15053097,虎峰山,20,1,1,2,4.1,0.0
30106145,盐都温泉,14,1,1,4,4.7,0.0
95709,大冰瀑布,20,1,1,2,4.4,0.0
30809031,银城花海,3,1,1,2,4.4,0.0
82806,五通桥,3,1,1,2,4.0,0.0
24649925,观音湖湿地公园,20,4,1,2,4.8,0.0
31660710,石羊场文化广场,18,1,1,2,4.9,0.0
82740,雷音寺,8,1,1,2,4.2,0.0
89486,巴巴寺,3,1,1,2,4.0,0.0
78150,嘉陵江小三峡,30,1,1,2,4.4,0.0
73334415,南充印象嘉陵江·上中坝湿地公园,28,1,1,2,4.1,0.0
10523017,达扎寺,8,1,1,2,4.6,0.0
22881173,梁山寺,8,1,1,2,4.0,0.0
15139050,秀湖公园,28,4,1,2,4.6,0.0
24651163,乐山汉崖墓博物馆,25,1,1,2,4.2,0.0
15054861,巴岳山,20,1,1,2,4.2,0.0
82745,仙峰寺,8,1,1,3,4.6,0.0
23122432,心景温泉,47,1,1,3,4.4,0.0
20940902,峨眉象城,3,1,1,2,4.8,0.0
10543773,惠远寺,8,1,1,2,4.7,0.0
89904,药池沸泉,47,1,1,2,3.9,0.0
20957552,雅家情海,20,1,1,1,4.6,0.0
55641203,七里坪七里镇,9,1,1,1,4.7,0.0
61948394,七里坪高空玻璃漂流,20,1,1,2,4.4,0.0
18126937,罗目古镇,15,1,1,2,4.2,0.0
126180964,冠英街古民居,8,1,1,1,4.4,0.0
13526228,中国有机生活公园,3,1,1,2,4.2,0.0
79582064,澜卡威假日水上休闲岛,55,1,1,2,3.5,0.0
131170447,little planet 小星球乐园,3,1,1,1,3.0,0.0
89478,陈寿万卷楼,8,1,1,2,4.4,0.0
89903,七色海,20,1,1,2,4.7,0.0
123219110,大唐松州·瓮城传奇,49,1,1,1,5.0,0.0
58308967,四川雅安市石棉县步行街,9,1,1,1,3.7,0.0
18134103,嘉定坊,3,1,1,2,4.5,0.0
85105,峨眉山博物馆,25,1,1,2,4.3,0.0
10548167,巴中章怀山旅游区,30,1,1,2,4.2,0.0
51867212,峨眉山涧雲中花岭,20,1,1,1,2.5,0.0
78401934,草科藏族乡,20,1,1,1,4.2,0.0
98373901,峨眉山直升机观光之旅,35,1,1,0,0.0,0.0
87871,青川东河口地震遗址公园,3,4,1,0,0.0,0.0
61424334,古郡·花果溪,3,1,1,2,3.5,0.0
134048044,牛背山国际露营地,3,1,1,1,5.0,0.0
98278604,日照金山,3,1,1,1,5.0,0.0
33589726,龙凤峡漂流,43,1,1,2,3.6,0.0
30803851,张澜故居,3,4,1,0,0.0,0.0
57153225,浮生温泉汤屋,14,1,1,1,5.0,0.0
32312399,蜀南花海,3,4,1,2,4.2,0.0
76346,双桥清音,20,1,1,3,4.4,0.0
28197467,蜀汉江油关,3,1,1,2,3.7,0.0
96850,柏林古镇,15,4,1,2,3.5,0.0
20971437,龙门大峡谷漂流,43,1,1,2,3.8,0.0
39228912,圣莲岛荷花博览园,3,4,1,2,4.5,0.0
24651797,奶子沟村,3,1,1,1,4.3,0.0
82874,白塔,8,1,1,2,4.3,0.0
15051111,玉龙山,30,1,1,2,4.3,0.0
100941,飞瀑流辉,30,1,1,2,4.4,0.0
31668627,苏坡公园,28,1,2,2,4.6,0.0
24650771,金川县,18,1,1,2,4.7,0.0
93558,阆中大佛寺,8,1,1,2,4.2,0.0
78131,青龙湖,20,1,1,2,4.2,0.0
73141273,大渡河大桥,3,1,1,2,4.6,0.0
82921,彝海,20,4,1,0,0.0,0.0
94152,七藏沟,20,1,1,2,4.3,0.0
49446155,古佛山,20,1,1,2,4.7,0.0
51568248,安岳石窟,8,1,1,1,4.0,0.0
133553285,篷客露营地（天府茶灵谷店）,32,1,1,1,5.0,0.0
90498487,开化寺,8,1,2,0,0.0,0.0
13455985,云锣山青龙峡漂流,23,1,1,2,4.5,0.0
13771427,大深南海风景区,20,1,1,2,3.5,0.0
24651976,牛佛古镇,15,1,1,2,4.4,0.0
85077,“天下名山”牌坊,18,1,1,2,4.4,0.0
82906,佛来山,51,4,1,2,4.7,0.0
82805,马边大风顶自然保护区,20,1,1,2,4.8,0.0
58279166,资阳木门寺,8,1,1,1,4.7,0.0
75862,扎如沟,30,1,1,2,4.5,0.0
27302703,庆大沟森林公园,20,1,1,2,4.8,0.0
13640726,索克藏寺,8,1,1,2,4.3,0.0
18658673,秀甲瀑布,20,1,1,2,4.5,0.0
15281762,九寨沟西部卓玛烤羊晚会,3,1,1,2,4.4,0.0
10524160,犍为文庙,8,1,1,2,4.4,0.0
76384,麻浩崖墓,8,1,1,2,4.3,0.0
56809067,回龙场老街,15,1,1,1,5.0,0.0
61131056,阆中古城-状元坊,8,1,1,2,4.3,0.0
56809752,红岩顶,3,1,1,0,0.0,0.0
18231607,文峰古街,9,1,1,3,4.5,0.0
33470022,华严洞,20,1,1,1,3.9,0.0
25464197,七藏沟长海子,20,1,1,2,4.8,0.0
50610616,白云山风景区,30,1,1,1,4.0,0.0
10759069,峨眉山瑜伽温泉,14,1,1,2,4.4,0.0
13698847,塔公佛学院,8,1,1,1,4.3,0.0
95995841,瓦屋山花海露营地,32,1,1,1,1.0,0.0
59733179,合川游船,59,1,1,2,4.9,0.0
50606087,高洞瀑布风景区,20,1,1,1,4.6,0.0
89924,雅哈景区,20,1,1,2,4.0,0.0
24651024,孔雀洞,8,1,1,1,4.0,0.0
130854201,南充爱情圣地红豆村,15,1,1,1,4.0,0.0
51567540,千佛寺,8,1,1,1,4.3,0.0
93554,富顺文庙,8,4,1,2,4.4,0.0
58307502,广元商业步行街,9,1,1,2,4.6,0.0
56806932,嫘祖风景区,8,1,1,1,3.0,0.0
121369957,满投文旅城·奇趣威尼斯,6,1,1,1,1.0,0.0
13703304,毗卢圣窟,8,1,1,1,5.0,0.0
91824,双龙海,20,1,1,2,4.4,0.0
18604516,扒昔加古寨,15,1,1,2,4.5,0.0
22715687,藏王寨老君山,20,1,1,2,3.6,0.0
53559341,林森.梦幻海螺湾水世界,62,1,1,1,4.3,0.0
24651931,内江大自然景园,20,1,1,2,4.3,0.0
38954429,四川宋瓷博物馆,65,1,1,2,4.8,0.0
86416,报恩塔,8,1,1,2,4.5,0.0
58279146,九襄古镇,15,1,1,1,4.0,0.0
10759071,四川峨眉山华生温泉,14,1,1,2,4.5,0.0
82782,乌尤寺,8,1,1,2,4.4,0.0
98275911,疯狂魔毯,3,1,2,0,0.0,0.0
24654228,印山公园,28,1,1,2,4.6,0.0
76354,红军长征纪念碑碑园,3,1,1,0,0.0,0.0
18572760,锦绣田园风景区,3,1,1,2,4.1,0.0
82845,金刚寺,8,1,1,2,4.5,0.0
82873,流杯池公园,28,4,1,2,4.3,0.0
23574960,尊胜白塔,8,1,1,2,4.6,0.0
91395,天鹅海,20,1,1,3,4.6,0.0
123857243,成都冰纷万象滑冰场,3,1,1,0,0.0,0.0
18655925,阿坝县郎依寺,3,1,1,1,4.5,0.0
15129216,缙云山生态旅游观光索道,3,1,1,2,4.5,0.0
28586827,乐和乐都水上乐园,64,1,1,2,4.5,0.0
93569,玉龙湖风景区,20,1,1,2,4.3,0.0
82869,龙华古镇,15,1,1,2,4.1,0.0
29067164,凤凰谷水上乐园,10,1,1,2,4.0,0.0
129092070,满投文旅城·满福水世界,3,1,1,1,2.0,0.0
18134122,太子坪,8,1,1,2,4.5,0.0
24654869,自贡花海,3,1,1,2,4.4,0.0
133979282,九寨鲁能胜地,66,1,1,2,5.0,0.0
78406050,广安侏罗纪乐园,4,1,1,1,5.0,0.0
51572618,岳池文庙,8,1,1,2,4.8,0.0
10548113,成都比如世界,3,1,1,2,4.1,0.0
131897313,四川大英县绿山微湖乐园,3,1,1,2,2.6,0.0
79142,丹云峡,30,1,1,2,4.5,0.0
51868093,朗池湿地公园,28,1,1,2,4.8,0.0
96994,思源广场,18,1,1,3,4.8,0.0
10759098,《圣象峨眉》演出,19,1,1,3,4.3,0.0
79459746,峨眉山熊猫飞拉达	,3,1,1,1,5.0,0.0
98275917,疯狂巴士,3,1,2,0,0.0,0.0
85650999,升钟湖娲仙谷,3,1,1,1,4.8,0.0
126839670,杨家河景区,20,1,1,1,4.5,0.0
71551950,白马藏寨,15,1,1,1,4.5,0.0
33199596,茶乡花海,3,1,1,1,2.3,0.0
24648762,北碚温泉寺,8,1,1,2,4.4,0.0
52526216,燊海森林欢乐岛水上乐园,64,1,1,2,4.2,0.0
91819,箭竹海瀑布,20,1,1,3,4.6,0.0
24652725,狮子山,20,1,1,1,4.8,0.0
24654870,彩灯公园动物园,53,1,1,2,4.6,0.0
28523384,金沙水上乐园,64,1,1,2,4.2,0.0
10751028,子昂故里文化旅游区,3,4,1,2,4.6,0.0
46240192,世外桃源风景区,66,1,1,1,3.8,0.0
73430430,艺术乐园天空之境沉浸式展览,34,1,1,0,0.0,0.0
10770500,风水博物馆,25,1,1,2,4.3,0.0
13629218,西坝古镇,15,1,1,2,4.4,0.0
67627706,永川博物馆,25,1,1,1,4.7,0.0
130887179,九寨沟润都温泉,47,1,1,1,5.0,0.0
50612437,过岗楼嫘祖文化,8,1,1,1,3.5,0.0
82748,九老洞,20,1,1,2,4.4,0.0
39252631,磨西红军长征纪念馆,3,1,1,0,0.0,0.0
89901,杜鹃峡,20,1,1,2,4.5,0.0
30447058,海螺沟半亩山庄温泉,47,1,1,1,4.3,0.0
89975,梭磨河峡谷,20,1,1,2,4.6,0.0
20938384,芭蕉沟,3,1,1,2,4.0,0.0
35190683,仙芝海啸水上乐园,64,1,1,2,2.4,0.0
91352,李家大院,3,1,1,2,4.2,0.0
81687445,汉源滑翔伞基地,35,1,1,1,5.0,0.0
58279111,大渡河峡谷公园,20,1,1,1,4.0,0.0
69289174,九寨天堂,30,1,1,0,0.0,0.0
77545056,天旋地转,3,1,2,0,0.0,0.0
103756387,世界茉莉博览园,74,1,1,2,3.6,0.0
87480,苍溪红军渡,3,4,1,0,0.0,0.0
22866091,甲根坝乡,9,1,1,1,3.9,0.0
55639194,七里坪禅道,3,1,1,1,4.2,0.0
79004624,王皮影博物馆,25,1,1,1,4.0,0.0
15036575,黄瓜山,20,1,1,2,4.3,0.0
85575,扎如寺,8,1,1,2,3.7,0.0
22881011,龙头山,20,1,1,0,0.0,0.0
46011154,赵化古镇,15,1,1,1,4.8,0.0
93590,天曌山国家森林公园,39,4,1,2,4.5,0.0
24653694,西南交通大学(峨眉校区),3,1,1,2,4.7,0.0
94825,日隆,78,1,1,2,4.3,0.0
51867222,峨秀湖公园,28,1,1,2,4.9,0.0
33793164,马尔康红军长征纪念馆,3,1,1,0,0.0,0.0
20957890,上季节海,20,1,1,2,4.4,0.0
56808562,养马峡风景区,20,1,1,2,3.3,0.0
35170463,布拉格小镇,9,1,1,1,3.2,0.0
10523616,贡嘎寺,51,1,1,2,4.5,0.0
30007539,农夫山泉峨眉山工业旅游示范基地,3,4,1,2,4.6,0.0
18648660,查真梁子,20,1,1,2,3.6,0.0
56776298,八美草原,39,1,1,1,4.4,0.0
24654764,忠山公园,28,1,1,2,4.5,0.0
98278577,万年索道,3,1,1,1,4.0,0.0
30555716,九寨沟藏家锅庄篝火晚会,49,1,1,1,2.0,0.0
61135444,阆中古城-浮桥,3,1,1,1,3.5,0.0
50961394,世纪乐都水上乐园,64,1,1,2,4.2,0.0
58259184,枫香湖儿童公园,28,1,1,2,4.3,0.0
29936862,九寨沟圣地藏家乐,3,1,1,1,2.0,0.0
129746983,马安农场,3,1,1,1,4.7,0.0
22866092,上木居村,20,1,1,1,4.3,0.0
69349356,巴旺海,30,1,1,1,4.2,0.0
56809523,宝梵寺,8,1,1,1,5.0,0.0
56809522,船石湖,20,1,1,1,5.0,0.0
121012381,飞鸿滑草场,3,1,1,1,1.0,0.0
18061328,红池,20,1,1,1,4.4,0.0
22866147,尕里台草原,39,1,1,1,3.6,0.0
10543506,老霄顶,3,1,1,2,4.5,0.0
131134296,八尔湖旅游度假区,20,1,1,0,0.0,0.0
10521418,老舍旧居,3,1,1,0,0.0,0.0
102649296,锦湖小镇假日公园,3,1,1,2,2.4,0.0
22866191,内江西林寺,8,1,1,2,4.5,0.0
39228828,龙潭峡漂流风景区,20,1,1,1,5.0,0.0
51686333,法螺观景台,18,1,1,1,4.0,0.0
96813,龙角山,20,1,1,2,4.6,0.0
10534532,蟠龙湖公园,28,1,1,2,4.6,0.0
24653682,西华师范大学,3,1,1,2,4.7,0.0
10543403,峨秀湖,20,1,1,2,4.6,0.0
30611681,花香田园,54,1,1,2,4.2,0.0
48550134,云中贡嘎,49,1,1,1,5.0,0.0
69575149,长江黄河分水岭,20,1,1,1,1.7,0.0
95498122,香薰谷,3,1,1,1,4.0,0.0
36051697,峨眉山蒲公英滑翔伞俱乐部,3,1,1,2,4.9,0.0
56776250,神仙包景区,20,1,1,1,4.7,0.0
93553,富顺西湖,20,1,1,2,4.0,0.0
85083,摩崖石刻,8,1,1,2,4.4,0.0
84902410,莲花山,20,1,1,2,5.0,0.0
25022306,人民公园,28,1,1,2,4.4,0.0
86400,九狮山,20,1,1,2,3.4,0.0
84019401,葫芦坝睡养小镇,9,1,1,1,5.0,0.0
79745411,中国水富滑翔伞基地,35,1,1,0,0.0,0.0
100933,下季节海,20,1,1,2,4.3,0.0
20940780,峨眉圣灯,18,1,1,2,4.4,0.0
23574883,蒲尔玛,3,1,1,1,5.0,0.0
103185529,彩山四季花海,3,1,1,1,2.5,0.0
24032362,南山石刻,8,1,1,2,4.6,0.0
24653501,阆中文庙,8,1,1,2,4.2,0.0
84556769,隆昌万花谷,3,1,1,2,4.0,0.0
24652871,水观音风景区,8,1,1,2,4.3,0.0
36699169,紫霞宫,8,1,1,1,4.5,0.0
98277748,解读金沙陈列馆,25,1,2,0,0.0,0.0
30813315,花芊谷农业科技园,54,1,1,1,4.5,0.0
18134137,郭沫若故居,3,4,1,0,0.0,0.0
13644420,岚安古镇,15,1,1,1,4.0,0.0
70539883,宜宾长江公园,28,1,1,2,4.5,0.0
18655842,观音庙,8,1,1,2,4.5,0.0
93604,乐至报国寺,8,1,1,2,4.6,0.0
18655948,直波碉群,8,1,1,1,4.8,0.0
10543286,桓侯宫,8,1,1,2,4.6,0.0
82322,永川卫星湖,20,1,1,2,4.3,0.0
10795200,昭化牛头山,20,1,1,2,4.5,0.0
69288782,天雄关古蜀道,18,1,1,1,4.0,0.0
24648644,白河金丝猴自然保护区,53,1,1,1,3.9,0.0
58261212,蓬莱公园,28,1,1,2,4.9,0.0
78937582,光头山,20,1,1,1,4.5,0.0
25466917,凤垭山风景区,20,1,1,2,4.4,0.0
58279245,四川资中县文庙,8,1,1,1,4.0,0.0
100932,荷叶寨,20,1,1,2,4.1,0.0
25647225,玫瑰庄园,54,1,1,1,2.5,0.0
20952351,田海子山,20,1,1,1,4.6,0.0
10795362,苍溪梨博园,54,4,1,2,4.4,0.0
100939,黄龙洞,20,1,1,2,4.5,0.0
131903606,八郎生都村,3,1,1,0,0.0,0.0
23576787,祝桑乡,15,1,1,1,4.5,0.0
24654418,云顶寨景区,15,1,1,2,4.0,0.0
120608390,丁氏庄园,8,1,1,1,4.0,0.0
101503135,meland儿童成长乐园（成都悠方购物中心店）,3,1,1,0,0.0,0.0
31676848,重庆熙街,9,1,1,2,4.8,0.0
82838,莲花海,30,1,1,2,4.4,0.0
18213635,香格里拉演艺宫藏羌歌舞晚会,49,1,1,1,4.2,0.0
48057180,七坪寨,3,1,1,1,3.7,0.0
130369307,百牛渡江,20,1,1,1,5.0,0.0
56807980,千坝草原,39,1,1,1,1.0,0.0
52030304,四川省体育馆-篮球广场,3,1,1,2,4.6,0.0
33782641,五彩荷园,20,1,1,2,4.5,0.0
30629831,铁炉乡古镇,15,1,1,1,5.0,0.0
38954513,赵一曼纪念馆,3,1,1,0,0.0,0.0
79582066,峨眉山芷筑温泉,47,1,1,0,0.0,0.0
58279373,朱德同志故居纪念馆,3,1,1,0,0.0,0.0
51764309,海螺沟冰川索道-上站,6,1,1,1,5.0,0.0
130853760,星球部落,3,1,1,1,3.8,0.0
39818161,柠都乐园,6,1,1,0,0.0,0.0
51867224,峨眉山佛光花海,8,1,1,1,4.6,0.0
58296296,遂宁灵泉寺,8,1,1,1,5.0,0.0
91004349,百家姓古镇,3,1,1,1,4.0,0.0
106596652,红原瓦切红军长征纪念碑,3,1,1,0,0.0,0.0
24654183,宜宾市博物馆,25,1,1,2,4.3,0.0
130843298,广安蜗牛部落,3,1,1,1,4.6,0.0
81533760,白塔公园,28,1,1,1,4.5,0.0
10543287,乐山乌木文化博览苑,25,4,1,2,3.0,0.0
58279172,南充腾王阁,3,1,1,1,4.0,0.0
91394,芳草海,20,1,1,3,4.6,0.0
133981513,北泉村,3,1,1,0,0.0,0.0
31668643,东较场特色街区,9,1,1,2,4.4,0.0
97502025,红石滩,20,1,1,1,4.0,0.0
69341196,裕河,20,1,1,1,3.0,0.0
25138193,龙茶花海,3,4,1,2,4.3,0.0
69291636,龙门阁,20,4,1,0,0.0,0.0
10793208,天工开物文化旅游景区,25,1,1,3,4.7,0.0
58279243,卓筒井,8,1,1,1,4.9,0.0
97769144,清沟漂流,43,1,1,1,2.3,0.0
69547005,圣灵山大溶洞,20,1,1,1,4.0,0.0
101792,永川香海温泉,47,1,1,3,3.9,0.0
55881911,海螺湾水世界,62,1,1,1,2.8,0.0
91951486,月坝,3,1,1,1,5.0,0.0
96814,新政离堆,3,1,1,2,4.4,0.0
22866180,中国红海生态旅游景区,9,1,1,2,3.7,0.0
38497371,硅化木国家地质公园,25,1,1,1,4.0,0.0
111148130,背峰山公园,28,1,1,1,5.0,0.0
13640981,明月峡古栈道遗址,3,1,1,0,0.0,0.0
39070464,铁道兵博物馆,3,1,1,0,0.0,0.0
38954423,张澜纪念馆,3,1,1,0,0.0,0.0
47972764,炫彩万木源乡村旅游景区,30,1,1,2,3.7,0.0
51560887,云崖寺,8,1,1,1,5.0,0.0
10543642,松岗碉楼,3,1,1,1,4.5,0.0
104588977,蓝色气流跳伞基地,35,1,1,0,0.0,0.0
58278397,丹巴碉楼,3,1,1,1,4.0,0.0
71566166,玉垒关,8,1,1,1,4.3,0.0
129752776,侏罗纪探险谷,3,1,1,1,2.5,0.0
30111863,卧佛院,8,1,1,2,4.2,0.0
69277116,阆中白塔山公园,28,1,1,1,3.0,0.0
50606101,红四方面军烈士墓,8,1,1,0,0.0,0.0
41386719,凤栖谷花海,3,1,1,2,3.0,0.0
13811185,海宇温泉,47,1,1,2,4.6,0.0
31662418,重庆市北碚区商业步行街,9,1,1,2,4.5,0.0
30809370,天成欢乐谷游乐场（摩尔天成店）,6,1,1,1,4.0,0.0
116175366,妙妙森林,3,1,1,0,0.0,0.0
10532384,缙云寺,8,1,1,2,4.4,0.0
99496957,金顶祥光,18,1,1,0,0.0,0.0
10795021,朝阳洞风景区,51,1,1,1,4.2,0.0
38957012,张思德纪念馆,3,1,1,0,0.0,0.0
13097725,胡家院,3,1,1,2,4.1,0.0
34372900,十里荷画,66,1,1,1,4.0,0.0
13811239,应天寺,8,1,1,2,4.2,0.0
89472,白云山,20,1,1,2,4.4,0.0
33790370,剑门关漂流,43,1,1,1,4.3,0.0
79438867,阿坝羌族藏族自治州博物馆,25,1,1,1,5.0,0.0
24651722,岷江,20,1,1,2,4.4,0.0
82314,铜梁博物馆,25,1,1,2,4.3,0.0
30615739,白坪飞龙乡村旅游度假区,66,4,1,2,4.7,0.0
58279235,张大千纪念馆,3,1,1,0,0.0,0.0
36233606,中华传统文化博览城,3,1,1,2,4.5,0.0
69282175,八尔滩风景区,20,1,1,1,1.0,0.0
82313,重庆龙温泉,14,1,1,3,4.3,0.0
96815,望龙湖,20,1,1,2,4.5,0.0
91782,雅家埂,20,1,1,2,4.6,0.0
22866216,金川红叶谷,20,1,1,1,3.5,0.0
25072633,嘻哈乐园游乐园,4,1,1,2,4.0,0.0
85461,红星岩,20,1,1,2,4.3,0.0
79437649,梓潼县博物馆,25,1,1,1,3.7,0.0
69291699,鹿亭溪,20,1,1,0,0.0,0.0
78146,北碚恐龙遗址,25,1,1,2,4.4,0.0
56806934,墨尔多寺,8,1,1,1,4.7,0.0
114152726,梦里水乡,30,1,1,1,1.0,0.0
78534,乌尤山,51,1,1,2,4.5,0.0
50612240,荞坝古镇,15,1,1,1,5.0,0.0
10762733,大足龙水湖国际休闲度假区,66,1,1,2,4.4,0.0
15123829,邱少云纪念馆,3,1,1,0,0.0,0.0
38954808,九襄石牌坊,3,1,1,1,5.0,0.0
80959,东谷镇,20,1,1,2,4.3,0.0
24038343,巨石温泉行馆,47,1,1,2,4.7,0.0
18134114,金刚嘴,20,1,1,1,4.2,0.0
56381186,萤火谷文创农场,39,1,1,1,4.2,0.0
133530269,杨柳滩风景区,3,1,1,1,5.0,0.0
56809060,烟馆,3,1,1,1,3.0,0.0
98281818,瓦屋山圣境,3,1,1,0,0.0,0.0
13219403,涞滩鹫峰峡漂流,43,1,1,2,3.8,0.0
61131058,皇泽大桥,3,1,1,1,3.7,0.0
91349,东山园林,8,1,1,1,5.0,0.0
10543610,状元洞,51,1,1,2,4.5,0.0
24651162,乐山大桥,3,1,1,2,4.7,0.0
69415782,绿心公园,28,1,1,1,5.0,0.0
25466945,江姐故里景区,3,1,1,1,4.0,0.0
50606099,红军攻克剑门关纪念馆,3,1,1,0,0.0,0.0
56809140,川洞庵,20,1,1,1,4.0,0.0
96390,芳草坪,20,1,1,2,4.4,0.0
24652864,双溪水库,20,1,1,2,4.5,0.0
69352652,龙水湖温泉,47,1,1,1,3.8,0.0
76345,清音平湖,20,1,1,2,4.5,0.0
24654419,云峰寺,8,1,1,2,4.8,0.0
131192203,古佛顶旅游景区,39,4,1,2,5.0,0.0
18584140,翡翠河,20,1,1,2,4.6,0.0
82937,冶勒自然保护区,20,1,1,1,4.6,0.0
97502544,海枯石烂,3,1,1,1,4.0,0.0
56808421,金华山,20,1,1,1,4.0,0.0
24649333,大洲广场,18,1,1,3,4.5,0.0
94679105,甲勿海大熊猫保护研究园,20,1,1,0,0.0,0.0
56806967,月亮湖旅游景区,20,1,1,0,0.0,0.0
80223179,花好月圆动物园,53,1,1,1,4.5,0.0
56383231,合川古楼红枫林,39,1,1,2,4.6,0.0
24654871,天池寺,8,1,1,2,4.9,0.0
133964710,唐家河自驾露营地,32,1,1,2,5.0,0.0
69146355,宝顶山,18,1,1,1,4.5,0.0
10795205,仙芝竹尖生态园旅游景区,39,1,1,2,3.2,0.0
18655894,阿坝州刷经寺森林公园,30,1,1,1,4.3,0.0
133829827,锦门·蚕宝自然王国,3,1,2,0,0.0,0.0
34373359,香水百荷,66,1,1,2,4.8,0.0
22881069,三多寨镇,8,1,1,1,4.1,0.0
130848008,天香花谷四季花海景区,3,1,1,1,1.7,0.0
56809521,佛尔岩大佛,3,1,1,0,0.0,0.0
71530668,草海子,20,1,1,1,5.0,0.0
131149181,六合丝博园,3,1,1,1,3.8,0.0
51874394,朱德诞生地,8,1,1,0,0.0,0.0
60517093,自贡高空跳伞驼峰基地,35,1,1,0,0.0,0.0
58279158,隆昌古湖,20,1,1,2,5.0,0.0
10548528,松潘骑马游,3,1,1,2,4.2,0.0
22866083,卓克基嘉绒藏族文化旅游区,3,1,1,2,4.4,0.0
38954430,高峰山,20,1,1,1,4.3,0.0
97421461,乐活城漂流,20,1,1,0,0.0,0.0
69562359,催科山,20,1,1,1,5.0,0.0
23576751,日鲁库大草原,39,1,1,1,4.7,0.0
82896,八仙山,20,1,1,2,4.1,0.0
126991713,峨眉山树荫温泉,47,1,1,0,0.0,0.0
58304776,阆中古镇步行街,9,1,1,1,4.5,0.0
89477,金城山森林公园,30,1,1,2,3.8,0.0
82365113,圣水湖桃花岛,3,1,1,1,2.8,0.0
10520930,树正寨,3,1,1,2,4.3,0.0
130368274,宜宾横江古镇景区,8,4,1,0,0.0,0.0
50380543,奇峡沟冰雪欢乐谷,20,1,1,1,5.0,0.0
29907015,嘉隆西海,66,1,1,2,3.4,0.0
129864237,紫兰湖山水欢歌水上乐园,62,1,1,1,1.0,0.0
93571,国窖广场,18,1,1,2,4.5,0.0
69279832,梓潼人民公园,28,1,1,1,4.3,0.0
24654357,元坝天台山,20,1,1,2,4.2,0.0
130522285,成都口红艺术馆,34,1,2,0,0.0,0.0
130859553,桐心院子,3,1,1,1,2.0,0.0
10534578,棠城公园,28,1,1,2,4.3,0.0
130843776,极米LightBox光影博物馆,24,1,1,1,4.5,0.0
39622652,铜梁龙景区,20,1,1,2,3.1,0.0
10543770,宗塔草原,39,1,1,1,4.7,0.0
24653199,天池公园,28,1,1,2,4.4,0.0
55415181,响水滩·乡村记忆旅游景区,3,1,1,1,2.5,0.0
80441,屏山老君山,30,1,1,2,4.5,0.0
18615062,仙女池,20,1,1,2,4.6,0.0
22866248,狮岭村,3,1,1,1,4.5,0.0
50606128,俩母山,20,1,1,1,4.4,0.0
50618328,龙门洞地质公园,20,1,1,0,0.0,0.0
72832530,天母湖观景台,18,1,1,1,4.5,0.0
77612473,永青农场,3,1,1,1,5.0,0.0
24282624,凤凰花海,3,1,1,2,4.1,0.0
91886,九十九道拐,3,1,1,2,4.6,0.0
83189613,云境牧场,3,1,1,0,0.0,0.0
10523093,麦洼寺,8,1,1,1,5.0,0.0
20938266,清真寺,3,1,1,1,5.0,0.0
82784,凌云栈道,3,1,1,2,4.7,0.0
58308751,蓬莱商业街,9,1,1,1,5.0,0.0
124908211,木雅圣地直升机,35,1,1,1,5.0,0.0
10523275,金铃海,20,1,1,2,4.7,0.0
38456393,司马相如故里,15,1,1,1,5.0,0.0
82848,公主桥,3,1,1,2,4.1,0.0
28446827,广安蒙成水上乐园,64,1,1,2,3.7,0.0
18061299,九寨沟民俗文化村,3,1,1,2,4.3,0.0
131904825,松风寨童话世界森林公园,6,1,1,2,4.2,0.0
131897300,望月锦绣长城风景区,20,1,1,1,5.0,0.0
133822436,泸州记忆,9,1,1,0,0.0,0.0
56806922,相克宗,3,1,1,1,4.0,0.0
79437683,峨眉山市博物馆,25,1,1,1,5.0,0.0
18046369,天堂部落藏家风情园,3,1,1,1,4.5,0.0
131174693,贡嘎雪山子梅垭口观景台,18,1,1,1,5.0,0.0
98373993,新城情歌公园,28,1,1,1,4.3,0.0
13703308,察柯寺,8,1,1,1,5.0,0.0
38818205,仙鹤观游乐场,6,1,1,1,4.0,0.0
50612438,金粟书岩,8,1,1,1,5.0,0.0
69529537,天福万象国际农业博览园,54,1,1,1,2.0,0.0
69541185,屈氏庄园,3,1,1,1,5.0,0.0
20922249,七里坡,20,1,1,2,4.5,0.0
78132,圣寿寺,8,1,1,2,4.0,0.0
48097202,天府公园,28,1,1,2,4.3,0.0
24648978,临江寺,8,1,1,1,5.0,0.0
24649636,飞龙峡自然风景区,3,1,1,1,3.9,0.0
28243656,金水坊•水上大世界,62,1,1,2,3.8,0.0
114152645,汉源湖,20,1,1,0,0.0,0.0
101747,高峰寺,8,1,1,2,4.5,0.0
134026604,俄么塘花海露营地,32,1,1,0,0.0,0.0
61948235,乐山大佛剧院,31,1,1,0,0.0,0.0
79155159,昭化古城-敬候祠,8,1,1,1,3.5,0.0
65245839,泸定县二郎山川藏公路纪念馆,3,1,1,0,0.0,0.0
13703397,觉囊赛格寺,8,1,1,1,4.5,0.0
31092774,金夫人四季花海,54,1,1,1,4.4,0.0
38810369,糖果乐园,62,1,1,1,5.0,0.0
50606145,美女峰石林景区,30,1,1,2,4.0,0.0
69570665,川东生态动物园,53,1,1,1,4.5,0.0
10543278,花龙沟竹海,39,1,1,1,4.7,0.0
18648673,七盘沟森林公园,30,1,2,1,4.7,0.0
22866246,烟丛寺,8,1,1,2,4.4,0.0
56806965,卧龙山公园,28,1,1,1,4.5,0.0
79437622,大英汉陶博物馆,25,1,1,1,5.0,0.0
86418,龙透关,3,1,1,0,0.0,0.0
56808253,合川涞滩二佛,8,1,1,1,4.3,0.0
69414698,圣莲岛,20,1,1,1,4.7,0.0
15119035,杨尚昆旧居,3,1,1,0,0.0,0.0
24651716,民俗风情文化广场,9,1,1,1,4.3,0.0
24649164,翠屏峰,20,1,1,1,4.4,0.0
31668258,九龙寺,8,1,3,1,3.0,0.0
78130,花样龙水湖,20,1,1,2,4.1,0.0
56809061,回龙阁,3,1,1,1,4.3,0.0
56809799,老盐场1957,3,1,1,1,5.0,0.0
38456206,朱德父母故居,3,1,1,0,0.0,0.0
134030619,雪口山漂流,20,1,1,1,5.0,0.0
10543280,刘光第墓,8,1,1,1,4.4,0.0
30787928,翰林院子,3,1,1,1,4.3,0.0
79042935,天空之城主题艺术馆,34,1,1,0,0.0,0.0
69548485,兜率宫,18,1,1,1,5.0,0.0
87409,大藏寺,8,1,1,2,4.1,0.0
24654333,玉屏公园,28,1,1,2,4.3,0.0
28177438,炉霍博物馆,25,1,1,0,0.0,0.0
56808368,红军血战剑门关遗址,3,1,1,0,0.0,0.0
69545807,平通梅林,3,1,1,1,5.0,0.0
112646968,兴龙湖,63,1,1,1,4.9,0.0
24652137,七星山森林公园,39,1,1,1,4.0,0.0
69128149,涪江六峡,20,1,1,1,3.5,0.0
130845741,悦海龙庭国际水汇,3,1,1,0,0.0,0.0
126934805,龙腾游乐园,6,1,1,0,0.0,0.0
10543348,卧云庵,8,1,1,1,4.3,0.0
101787,永川桃花源,66,1,1,2,3.4,0.0
25466942,自流井老街,8,1,1,2,4.3,0.0
51866228,马边彝族自治县马儿山森林公园,39,1,1,1,5.0,0.0
105418289,彝海结盟纪念馆,3,1,1,0,0.0,0.0
51866341,碧水丹霞景观公园,28,1,1,1,5.0,0.0
69541939,洞窝峡谷风景区,20,1,1,0,0.0,0.0
10543563,黑熊谷森林公园,30,1,1,1,4.5,0.0
18134139,乐山小西湖,20,1,1,2,4.2,0.0
95837712,水立方·冲浪乐园	,62,1,1,0,0.0,0.0
20960254,褡裢海,20,1,1,2,4.7,0.0
25466944,福源灏民居,3,1,1,1,4.8,0.0
133893655,童梦田园,6,1,1,1,5.0,0.0
51677743,奥普乐欢乐水世界,6,1,1,0,0.0,0.0
24651164,乐山师范学院,3,1,1,2,4.8,0.0
31077210,桫椤谷,30,1,1,1,4.0,0.0
50628663,重庆自然博物馆北碚陈列馆,3,1,1,0,0.0,0.0
88733048,雅女湖漂流,20,1,1,0,0.0,0.0
56807769,沱江,20,1,1,1,4.3,0.0
18061323,则查洼寨,15,1,1,2,4.0,0.0
78450213,广安口袋屋蹦床公园,3,1,1,1,3.0,0.0
10543777,灵雀寺,8,1,1,1,4.0,0.0
18655845,阿科里风景区,30,1,1,1,4.5,0.0
20944594,无梁砖殿,8,1,1,1,4.2,0.0
22866215,沙耳乡,3,1,1,2,4.5,0.0
56808330,内江太白楼,18,1,1,2,4.6,0.0
22866093,猎塔湖,20,1,1,1,4.4,0.0
61132788,春节文化主题公园,6,1,1,1,4.6,0.0
24651382,龙凤山公园,28,1,1,2,4.3,0.0
112646906,玄天湖,20,4,1,1,5.0,0.0
133892820,若尔盖栖山摄影自驾营地,32,1,1,0,0.0,0.0
130887797,九寨隐世,3,1,1,0,0.0,0.0
98280650,钓鱼台,3,1,1,1,4.0,0.0
24653429,望江楼古建筑群,3,1,1,2,4.6,0.0
10523045,居里寺,8,1,1,2,4.3,0.0
39291193,泸县龙桥文化生态园,3,4,1,1,5.0,0.0
133972985,眠野·凌云湖精致露营营地,32,1,1,0,0.0,0.0
51704873,唐家河白熊坪,8,1,1,2,5.0,0.0
56806941,牦牛村,3,1,1,1,4.0,0.0
69504982,麓湖·A4美术馆,34,1,1,1,5.0,0.0
10543321,佛灵寺,8,1,1,1,4.2,0.0
128525796,图乐沙滩车越野俱乐部,3,1,1,0,0.0,0.0
52079253,铁佛寺,8,1,2,1,2.0,0.0
20960182,扎如林道,30,1,1,1,4.8,0.0
81503220,二郎山隧道,3,1,1,1,4.0,0.0
31662384,重庆大足县步行街,9,1,1,2,4.5,0.0
38624538,陇南市博物馆,25,1,1,0,0.0,0.0
52118991,五环假日广场,3,1,2,1,4.5,0.0
89481,罗瑞卿故居,3,1,1,0,0.0,0.0
22866179,高峰山道观,8,1,1,2,4.3,0.0
82867,真武山,51,1,1,2,4.0,0.0
18126949,卧云禅院,8,1,1,2,4.6,0.0
34274732,禹王宫,8,1,1,2,4.8,0.0
20960260,天堂口民俗文化街,9,1,1,2,4.5,0.0
38996612,梦幻七彩游乐园,6,1,1,1,3.0,0.0
56809515,神龙山名胜风景区,20,1,1,2,4.5,0.0
56809835,海棠公园,28,1,1,1,4.7,0.0
24650791,金龙寺,8,1,1,1,4.5,0.0
69279147,天宫院,3,1,1,1,3.0,0.0
98280203,药师佛,3,1,1,0,0.0,0.0
51963755,北碚博物馆,25,1,1,2,4.7,0.0
18655903,雪玛格勒冰川,20,1,1,1,3.5,0.0
58279179,平乐寺,8,1,1,0,0.0,0.0
70401478,山卡寺,8,1,1,1,4.5,0.0
133527689,游牧露营地（缙云山）,32,1,1,0,0.0,0.0
130368618,邵女坪风景区,66,1,1,0,0.0,0.0
20952171,凤凰湖,20,1,1,1,4.4,0.0
51567254,白庙子水库生态湿地公园,20,1,1,1,4.8,0.0
51866922,苏园,37,1,1,1,5.0,0.0
52864505,天龙谷旅游度假区,66,1,1,1,2.1,0.0
51686246,九寨沟牙扎藏寨,15,1,1,0,0.0,0.0
51866345,沐川乌蒙谷歌景区,49,1,1,1,4.3,0.0
58304674,五粮液酒文化博览馆,25,4,1,1,3.5,0.0
15118941,二佛寺,8,1,1,2,4.5,0.0
51589001,连界广场,18,1,1,1,4.0,0.0
61948379,四川阿坝九寨云顶高尔夫,3,1,1,0,0.0,0.0
67632643,玉岭雪山观景台,18,1,1,1,4.3,0.0
10543488,圣水禅院,8,1,1,2,4.3,0.0
56775313,年波也则(南坡),20,1,1,1,5.0,0.0
39857690,骑马场(熊猫乐园),3,1,1,1,1.0,0.0
89910,野牛沟,30,1,1,2,4.2,0.0
22866148,德吉梅朵风情街,9,1,1,1,4.3,0.0
56806951,冷碛古镇,9,1,1,0,0.0,0.0
57161576,钟鼓楼,3,1,1,1,3.6,0.0
98873704,北碚自然世界公园,4,1,1,1,1.0,0.0
101616375,星际传奇（南充王府井购物中心店）,44,1,1,0,0.0,0.0
22866110,清泉寺公园,8,1,1,2,4.4,0.0
98278589,四面佛观景台,3,1,1,0,0.0,0.0
69281918,宜宾动物园,53,1,1,0,0.0,0.0
79781502,欢乐丛林户外乐园,3,1,1,0,0.0,0.0
56809178,芭沟镇,9,1,1,1,2.5,0.0
107518653,秀湖房车露营公园,32,1,1,0,0.0,0.0
50618330,功德林,39,1,1,1,5.0,0.0
56806789,广元市湿地公园,28,1,1,1,4.5,0.0
79437612,泸州老窖博物馆,25,1,1,1,5.0,0.0
51683622,大云寺,8,1,1,1,4.3,0.0
87569,吴玉章故居,3,4,1,0,0.0,0.0
56778289,岷山,20,1,1,1,4.4,0.0
97587327,幻境无边界艺术空间,34,1,1,0,0.0,0.0
23576747,鸡丑山,20,1,1,1,5.0,0.0
67817318,黄林沟国家湿地公园,20,1,1,0,0.0,0.0
24652087,婆陵甲萨遗址公园,3,1,1,0,0.0,0.0
30068522,中国彩灯之乡文化创意产业园,3,1,1,1,4.7,0.0
57153340,乐山市低空旅游营地,3,1,1,0,0.0,0.0
77446593,峨眉山室内恒温游泳馆,3,1,1,0,0.0,0.0
89802,墨尔多神山,20,1,1,1,3.8,0.0
50606127,醴峰观,8,1,1,1,5.0,0.0
58279246,资中县武庙,8,1,1,1,4.0,0.0
68579813,重庆市合川区古楼镇大自然枇杷园,37,1,1,0,0.0,0.0
38371556,荣昌陶博物馆,25,1,1,1,3.8,0.0
82797,璧津楼,3,1,1,1,4.3,0.0
22881070,釜溪河文化博览园,34,1,1,1,5.0,0.0
39046848,芳草地QQ农场,3,1,1,1,5.0,0.0
51819711,哪吒行宫,3,1,1,1,4.5,0.0
129907253,月亮湾水上乐园,4,1,1,1,3.0,0.0
24652277,清溪风洞,20,1,1,1,3.8,0.0
20944216,雷畅故居,3,1,1,0,0.0,0.0
10534488,北碚公园,28,1,1,2,4.4,0.0
34304725,嘉丰乐奥海洋公园,68,1,1,2,3.8,0.0
49958370,云尚滑翔（永川茶山竹海营地）,35,1,1,1,5.0,0.0
82319,盐井龙洞,20,1,1,2,4.3,0.0
61587158,馆驿嘴广场,18,1,1,1,4.5,0.0
18195676,德勒达格景区,3,1,1,1,4.0,0.0
39804535,中国移动(熙街店),3,1,1,1,4.2,0.0
101503145,meland儿童成长乐园（泸州华润万象汇店）,3,1,1,0,0.0,0.0
86420,百子图文化广场,18,1,1,2,4.2,0.0
105238743,长江竹岛,20,1,1,0,0.0,0.0
81981,第一山亭,3,1,1,2,4.4,0.0
13412636,《乌蒙沐歌》山水实景剧,19,1,1,1,4.3,0.0
51679830,宝龙寺,8,1,1,1,4.8,0.0
69563590,陈抟故里·崇龛花海景区,3,1,1,1,3.0,0.0
24650772,金川镇,9,1,1,1,4.3,0.0
56807886,娑萝映彩池,20,1,1,1,5.0,0.0
51867535,南充市滨江景区,20,1,1,2,4.6,0.0
69564591,红军城景区,3,4,1,0,0.0,0.0
130915578,螺湖半岛高空漂流,43,1,1,0,0.0,0.0
58303540,成都正成·财富ID美食街,9,1,1,1,4.0,0.0
10523896,寿灵寺,8,1,1,1,5.0,0.0
18061290,孔雀河道,20,1,1,2,4.7,0.0
30750338,花语人间,3,1,1,2,3.3,0.0
61133574,阆中古城锦屏门,3,1,1,1,4.8,0.0
10543515,蜀南茉莉香都,66,1,1,2,4.0,0.0
25610027,卓克基会议旧址,3,1,1,0,0.0,0.0
38960843,彝海结盟塑像,3,1,1,1,3.5,0.0
50612412,古镇南溪,15,1,1,1,5.0,0.0
69551813,七洞沟漂流景区,20,1,1,0,0.0,0.0
56808906,荣盛魁,3,1,1,1,3.8,0.0
51825869,九龙浴佛寺,8,1,1,0,0.0,0.0
53743154,寻乐书岩,8,1,1,1,4.6,0.0
57153338,熊快跑亲子户外营地,32,1,1,0,0.0,0.0
51875392,旅游广场,18,1,1,1,4.5,0.0
79929248,高原红演艺中心,34,1,1,0,0.0,0.0
82864,石城山,20,1,1,2,3.9,0.0
23802610,达格则,20,1,1,0,0.0,0.0
69285068,竹子沟,39,1,1,0,0.0,0.0
90497376,研溪湿地公园,20,1,1,0,0.0,0.0
60700163,武都革命历史纪念馆,3,1,1,0,0.0,0.0
91883,黑龙江栈道,3,1,1,2,4.3,0.0
38954453,长沙湖自然生态风景区,20,1,1,1,4.2,0.0
52204280,皂角树休闲度假村,66,1,3,1,5.0,0.0
98276812,接仙桥,3,1,1,0,0.0,0.0
51874164,清水湖湿地公园,20,1,1,1,4.0,0.0
87573,高石梯森林公园,30,1,1,2,4.6,0.0
105238523,千佛寺,8,1,1,1,5.0,0.0
129092090,林海水乡,39,1,1,0,0.0,0.0
133893608,谜途高桥秘境营地,32,1,1,1,5.0,0.0
30068516,雁溪谷,3,1,1,2,4.1,0.0
122624696,大录古藏寨,8,1,1,0,0.0,0.0
31670834,珍稀植物园,54,1,2,1,5.0,0.0
133840330,乐山犍为龙门花海景区,3,1,1,1,5.0,0.0
51920429,阆中古城-阆中市清真寺,8,1,1,0,0.0,0.0
56809693,四川红军第一村,3,1,1,0,0.0,0.0
56809018,中国工农红军班佑烈士纪念碑,3,1,1,0,0.0,0.0
88436298,重庆玄天湖西郊玫瑰岛,3,1,1,1,4.0,0.0
69289663,钟鼓楼广场,8,1,1,1,4.8,0.0
83717050,悬空卧佛,3,1,1,1,4.0,0.0
82842,郭达山,20,1,1,2,4.2,0.0
56809757,龙潭子旅游区,20,1,1,1,3.0,0.0
58303353,九长路步行街,9,1,1,1,4.4,0.0
51771660,咋噶尼姑庵圆满法洲,3,1,1,1,5.0,0.0
82847,安觉寺,8,1,1,2,4.3,0.0
89798,中路古遗址,8,1,1,0,0.0,0.0
82785,灵宝塔,8,1,1,2,4.5,0.0
86705,炳灵寺,8,1,1,2,3.7,0.0
46851154,合川三江灯会,3,1,1,2,4.5,0.0
134026504,乐山粤野露营地,32,1,1,1,5.0,0.0
10543496,竹叶青生态茗园,3,1,1,2,4.3,0.0
22866113,太和白鹭保护区,20,1,1,1,4.8,0.0
50618329,布金林,39,1,1,0,0.0,0.0
51566077,文严塔,8,1,1,1,4.5,0.0
134019658,世外乡村·海子山国际森林康养旅游度假区,66,1,1,0,0.0,0.0
91832,九岭岗,20,1,1,2,4.6,0.0
69339529,大佛寺,8,1,1,1,4.3,0.0
39253882,万花谷佳兴游乐园,6,1,1,1,3.0,0.0
56381201,反弹蹦床公园（北碚万达广场）,3,1,1,1,4.5,0.0
58304907,商业步行街,9,1,1,1,5.0,0.0
98280649,护国门,3,1,1,1,4.5,0.0
56806961,盐井村,8,1,1,1,2.5,0.0
93592,新店子景区,3,1,1,1,3.0,0.0
22866247,祟霞白塔,8,1,1,1,3.5,0.0
58279130,红岩子广场,3,1,1,0,0.0,0.0
91781,铁牛门,8,1,1,2,4.3,0.0
101617886,星际传奇（泸州华润万象汇店）,44,1,1,0,0.0,0.0
69542267,毛儿盖,18,1,1,1,5.0,0.0
130522287,《葭萌春秋》演出,49,1,1,0,0.0,0.0
38417119,五通桥风景区,15,1,1,1,5.0,0.0
50628287,西秦会馆,3,1,1,2,4.7,0.0
24652329,渠江公园,28,1,1,2,4.8,0.0
57154295,月南花乡,54,1,1,1,4.2,0.0
130368278,小西街,9,1,1,0,0.0,0.0
130847961,宜宾国际竹产品交易中心,34,1,1,1,5.0,0.0
15053338,雅美佳湿地公园,20,1,1,2,4.7,0.0
39034734,雪乐山室内滑雪馆,3,1,1,0,0.0,0.0
134005904,瓦屋山峡谷漂流,20,1,1,0,0.0,0.0
30814614,两栖爬行动物馆,53,1,1,0,0.0,0.0
18658719,大树子沟,51,1,1,1,5.0,0.0
38456386,营山县会展中心,34,1,1,1,5.0,0.0
65182891,青木川民俗馆,34,1,1,0,0.0,0.0
133546263,醒悟寺,8,1,1,0,0.0,0.0
83272540,大学城爱情博物馆,25,1,1,1,5.0,0.0
18584228,石林群,20,1,1,1,4.2,0.0
38457253,陕西会馆,3,1,1,1,4.0,0.0
82321,潼南杨闇公旧居,3,4,1,0,0.0,0.0
15036585,龙多山,51,1,1,1,4.2,0.0
10543447,泉水溶洞群,20,1,1,1,4.0,0.0
13703345,曾克寺,8,1,1,1,5.0,0.0
57151342,龙珠欢乐城,6,1,1,0,0.0,0.0
24943228,綵山,3,1,1,2,3.8,0.0
31085668,南湖生态公园,28,1,1,2,4.6,0.0
33461850,七彩蝴蝶园,37,1,1,1,5.0,0.0
52862164,绵阳平武河口漂流,43,1,1,1,5.0,0.0
124907610,其中园,6,1,1,1,3.0,0.0
134018669,硝斗岩瀑布,20,1,1,0,0.0,0.0
84288,沙滩森林公园,30,1,1,1,4.0,0.0
93667028,漫庐,3,1,1,0,0.0,0.0
98278596,狼图腾观景台,3,1,1,0,0.0,0.0
18655844,广法寺,8,1,1,1,5.0,0.0
20944627,麻浩渔村,3,1,1,2,3.9,0.0
23866656,中国绸都丝绸博物馆,25,1,1,1,4.5,0.0
38457789,范长江故居,3,4,1,0,0.0,0.0
83812668,荣昌八景,18,1,1,0,0.0,0.0
78152,张自忠将军墓,3,1,1,0,0.0,0.0
18615029,水帘洞,20,1,1,1,4.8,0.0
51684307,昭化古城-文庙,3,1,1,1,3.8,0.0
103374513,澜卡威汤泉,3,1,1,2,5.0,0.0
133549328,如意花海,3,1,1,1,5.0,0.0
20957863,九寨灵塔,8,1,1,1,4.8,0.0
24648909,冰川观景台,18,1,1,1,4.3,0.0
28352101,龙桥百花洲,20,1,1,2,4.4,0.0
51757503,龙君庙,8,1,1,1,5.0,0.0
61416084,峨眉山演艺中心,31,1,1,1,5.0,0.0
98278598,干河坝,3,1,1,0,0.0,0.0
51591393,广安市民广场,18,1,1,1,4.8,0.0
69285586,跑马山公园,28,1,1,0,0.0,0.0
10543497,竹园烈士陵园,3,1,1,0,0.0,0.0
39074556,福农橘园,66,1,1,0,0.0,0.0
51604543,体育公园,28,1,1,1,4.7,0.0
133955289,金龙寺,8,1,1,0,0.0,0.0
79437619,王光祈纪念馆,25,1,2,0,0.0,0.0
133527629,七里坪华生温泉,47,1,1,0,0.0,0.0
130853787,贡之源七彩玫瑰花海,3,1,1,0,0.0,0.0
15051243,大磨滩瀑布,20,1,1,2,3.9,0.0
15118936,薄刀岭,20,1,1,1,4.3,0.0
98280213,东方卧佛,3,1,1,0,0.0,0.0
25466888,觉囊文化中心,3,1,1,0,0.0,0.0
51713624,草原国家公园日干乔,20,1,1,0,0.0,0.0
13293730,非物质文化遗产博物馆,25,1,1,2,4.1,0.0
58279136,剑岩原始森林,3,1,1,0,0.0,0.0
56809065,飞凤桥,3,1,1,1,4.5,0.0
24649383,德阳市博物馆,25,1,1,2,4.3,0.0
120608392,琳琅井,8,1,1,1,3.8,0.0
93595,东湖公园,20,1,1,2,4.6,0.0
18615087,神蛙海,20,1,1,1,4.0,0.0
23579280,松潘清真北寺,3,1,1,1,4.3,0.0
99496984,姜维祠,3,1,1,1,3.0,0.0
91350,永安寺,8,1,1,1,3.8,0.0
93552,双溪湖风景区,20,1,1,2,4.3,0.0
18072941,宝镜崖,20,1,1,2,4.6,0.0
15065386,电视塔公园,28,1,1,2,4.5,0.0
80675,东坡楼,8,1,1,2,4.4,0.0
58308219,四川省南充市模范步行街,9,1,1,1,4.0,0.0
15067068,杨家民宅,3,1,1,2,4.4,0.0
98278599,冰川城门洞,3,1,1,0,0.0,0.0
82746,遇仙寺,8,1,1,2,4.3,0.0
50612233,镇南塔,8,1,1,1,4.0,0.0
56809177,宝龙山公园,28,1,1,1,4.0,0.0
134025618,那玛峰,20,1,1,0,0.0,0.0
22881180,觉苑寺,8,1,1,1,4.0,0.0
51867977,气象公园,28,1,1,1,3.0,0.0
25466885,悬天修卡藏寨,15,1,1,1,5.0,0.0
56809057,凤凰古寨,15,1,1,0,0.0,0.0
69146453,儿童公园,28,1,1,1,4.4,0.0
51874511,亲水平台,18,1,1,1,4.3,0.0
69144324,香国公园,28,1,1,1,4.8,0.0
90498834,安陶小镇,15,1,1,1,4.0,0.0
24651165,乐山乌木博物馆,25,1,1,1,3.8,0.0
39227669,幸福公社农耕文化生态园,34,1,1,1,4.0,0.0
91834,钻天坡,20,1,1,2,4.6,0.0
51963754,水知源水上乐园,64,1,1,1,4.0,0.0
49937392,成都乐翻天,3,1,1,2,4.5,0.0
39809914,青川县博物馆,65,1,1,0,0.0,0.0
85206,迎宾广场,18,1,1,2,4.3,0.0
10786328,落下闳故居,3,1,1,0,0.0,0.0
22866103,丞相祠,8,1,1,1,3.7,0.0
24649621,方山云峰寺,8,1,1,1,4.2,0.0
24652131,七星湖,20,1,1,1,3.8,0.0
51769940,红五军团政治部遗址,3,1,1,0,0.0,0.0
55421168,沐川龙门水世界,62,1,1,0,0.0,0.0
52071582,梁实秋旧居,3,1,1,0,0.0,0.0
55844733,铁佛古镇,15,1,1,0,0.0,0.0
90497395,乐山港大榕树旅游风景区,20,1,1,1,5.0,0.0
22866105,越溪河风景区,20,1,1,2,4.3,0.0
51565265,室内儿童主题亲子乐园,6,1,1,0,0.0,0.0
24649844,贡井人民公园,28,1,1,2,4.0,0.0
51600837,古宇湖北入口湿地公园,20,1,1,2,5.0,0.0
98280054,剑阁道,3,1,1,0,0.0,0.0
24648691,白云湖,20,1,1,1,5.0,0.0
92341707,雪溪洞峡谷漂流,20,1,1,0,0.0,0.0
98280215,石塘溪桥,3,1,1,0,0.0,0.0
56808450,木府,18,1,1,0,0.0,0.0
70531619,泸州星空失恋博物馆,34,1,1,0,0.0,0.0
10543316,仙皇台,3,1,1,1,4.3,0.0
20957846,公主海,20,1,1,2,4.7,0.0
79752870,常生山水印象游泳池,3,1,1,0,0.0,0.0
52083363,皇家大马戏,49,1,1,0,0.0,0.0
99496921,黄龙后寺,3,1,1,0,0.0,0.0
24651695,蜜蜂岩,25,1,1,1,4.2,0.0
51757933,赵一曼故居,3,1,1,0,0.0,0.0
56806276,圣水阁,8,1,1,1,5.0,0.0
56806786,小西天尕咪寺,8,1,1,1,5.0,0.0
58279244,玄妙观,8,1,1,0,0.0,0.0
69146568,永川大佛寺,8,1,1,0,0.0,0.0
79438818,卢作孚纪念馆,3,1,1,0,0.0,0.0
133966972,遇见博物馆·成都馆,25,1,1,1,5.0,0.0
112650343,藏王寨自然保护区,20,1,1,0,0.0,0.0
23574884,飞水岩,20,1,1,0,0.0,0.0
98274951,北山,3,1,1,0,0.0,0.0
86406,况场朱德旧居陈列馆,3,1,1,0,0.0,0.0
87570,金花桫椤自然保护区,20,1,1,2,4.2,0.0
30447081,小飞象儿童探索乐园,3,1,1,1,4.3,0.0
10523722,尕米寺,8,1,1,1,3.0,0.0
56809062,城门洞,20,1,1,0,0.0,0.0
25466915,连峰楼,3,1,1,2,4.3,0.0
27413235,嘎尖草坪,39,1,1,1,4.0,0.0
38447948,长岭岗生态园,39,1,1,0,0.0,0.0
38997471,鲢鱼化石博物馆,25,1,1,1,3.0,0.0
20952353,盘盘山垭口,20,1,1,1,4.0,0.0
69141058,水天池,20,1,1,1,5.0,0.0
51678769,滴水观音寺,8,1,1,1,4.0,0.0
126180940,相如故城,8,1,1,0,0.0,0.0
30810226,紫荆湖,20,1,1,1,3.5,0.0
50644396,九龙潭水库,20,1,1,0,0.0,0.0
130848827,九凤瑶池,20,1,1,0,0.0,0.0
52027389,龙岗山,20,1,1,1,4.0,0.0
51968627,印象春台湿地公园,20,1,3,0,0.0,0.0
20922338,岷江大桥,3,1,1,2,4.2,0.0
56809141,石笋坪,20,1,1,0,0.0,0.0
28177343,银恩日月潭,30,1,1,0,0.0,0.0
24654615,真武山古建筑群,3,1,1,2,4.5,0.0
133966335,轿顶山1号露营地,3,1,1,0,0.0,0.0
15135899,金果园生态旅游区,3,1,1,2,3.8,0.0
129994170,泡泡岛欢乐水世界,62,1,1,0,0.0,0.0
82795,海师洞,51,1,1,2,4.2,0.0
93184581,牟尼后寺,8,1,1,1,4.5,0.0
69279845,清沟风景区,18,1,1,1,3.0,0.0
58304821,乐山市金口河区商业步行街,9,1,1,1,5.0,0.0
77694572,树正磨房,3,1,1,1,4.5,0.0
51683831,月琴广场,18,1,1,1,4.7,0.0
85111,儒释道文化长廊,9,1,1,2,4.7,0.0
112647253,重庆夏布小镇,9,1,1,0,0.0,0.0
51971579,国际非物质文化遗产博览园农业生态园,3,1,2,1,5.0,0.0
38457854,威远县图书馆,3,1,1,1,3.0,0.0
30733097,四季九寨大剧院,31,1,1,2,4.5,0.0
73137461,圣莲花开,54,1,1,0,0.0,0.0
99385296,夏羌拉,20,1,1,0,0.0,0.0
18126905,大庙飞来殿,8,1,1,2,4.1,0.0
51567230,卧龙湖湿地公园,20,1,1,1,5.0,0.0
87414,巴西会议会址,3,1,1,0,0.0,0.0
10795473,菖溪河漂流旅游度假区,43,1,1,1,4.0,0.0
22881071,王爷庙,3,1,1,1,4.0,0.0
24654433,云台山森林公园,39,1,1,1,4.5,0.0
50612226,油榨坪祠堂,8,1,1,0,0.0,0.0
112650952,古道湾公园,28,1,1,0,0.0,0.0
25444204,龙水湖松鹤岛运动公园,63,1,1,2,4.4,0.0
51561126,富顺革命烈士纪念碑,3,1,1,0,0.0,0.0
24650913,九寨沟民族艺术中心,49,1,1,2,4.6,0.0
98276815,明镜倒映池,3,1,1,0,0.0,0.0
114753320,七星山镜湖桃源,3,1,1,0,0.0,0.0
87835026,铜梁人民公园,28,1,1,1,5.0,0.0
79931993,庞艺蓝莓世界,3,1,1,1,5.0,0.0
133977676,月亮湾露营地,32,1,1,0,0.0,0.0
58305089,长宁县民主街步行街,9,1,1,1,5.0,0.0
24654768,钟鼓楼,3,1,1,2,4.6,0.0
82976394,黄龙国家重点风景名胜区-簸箕海,30,1,1,0,0.0,0.0
82796,龙湫虎穴,20,1,1,2,4.1,0.0
91818,剑岩悬泉,20,1,1,2,4.3,0.0
91830,观心坡,20,1,1,2,4.3,0.0
36233790,天香童年休闲娱乐场,3,1,1,0,0.0,0.0
38494807,阆中博物馆,25,1,1,1,4.3,0.0
38380248,雄龙天工根石博物馆,65,1,3,1,5.0,0.0
35810220,潼南潼画花海格桑花景区,54,1,1,1,3.8,0.0
85156,牛心寺,8,1,1,2,4.4,0.0
112654734,龙池坪森林公园,39,1,1,0,0.0,0.0
126839714,铜河银滩,3,1,1,0,0.0,0.0
20954645,白海子,20,1,1,1,4.3,0.0
24651546,绿心路,28,1,1,2,4.7,0.0
82744,华严顶,8,1,1,2,4.4,0.0
51567542,普安寺,8,1,1,0,0.0,0.0
51707129,龙透关公园,28,1,1,2,4.4,0.0
51867218,弥勒宝殿,8,1,1,1,4.0,0.0
13785358,清溪文庙,8,1,1,1,3.4,0.0
58279169,牧马山,20,1,1,1,4.5,0.0
129754622,桃源农场,9,1,1,0,0.0,0.0
51818189,四川省天主教宜宾教区,61,1,1,0,0.0,0.0
30631919,观音湖,20,1,1,2,3.9,0.0
98276771,魁星楼,3,1,1,0,0.0,0.0
106022517,蟹螺堡子,15,1,1,1,4.0,0.0
124907358,龙苍沟山地运动公园,28,1,1,0,0.0,0.0
10354605,青松林海公园,39,1,1,1,4.9,0.0
18072948,扎依扎嘎神山,20,1,1,1,4.8,0.0
51604709,玉泉山庄(解放路三段),66,1,1,0,0.0,0.0
51866421,茉莉花博览馆,3,1,1,0,0.0,0.0
56809524,赤城湖,20,1,1,1,5.0,0.0
83441850,武胜梦田花海,3,1,1,0,0.0,0.0
22866086,六牙吉象,3,1,1,2,4.4,0.0
56809163,太阳河高山峡谷,20,1,1,0,0.0,0.0
82837,朋布西古碉,3,1,1,2,4.3,0.0
82879,人民公园,28,1,1,2,4.4,0.0
22951643,五峰峡漂流,43,1,1,0,0.0,0.0
51867266,三桥水上乐园,6,1,1,0,0.0,0.0
56805105,草原国家公园,20,1,1,0,0.0,0.0
56807771,石洞花博园,54,1,1,0,0.0,0.0
79438839,纳溪区护国战争博物馆,25,1,1,0,0.0,0.0
31663330,红旗剧场,31,1,2,2,4.6,0.0
15031713,狮子峰,20,1,1,2,4.6,0.0
133999165,映像九寨,49,1,1,0,0.0,0.0
133989321,福农橘园·欢乐大世界,6,1,1,1,5.0,0.0
51683159,先秦古蜀道,8,1,1,0,0.0,0.0
51867549,儿童主题乐园,3,1,1,0,0.0,0.0
25464196,鱼海子,20,1,1,2,4.6,0.0
32870289,象城大剧院,31,1,1,1,4.9,0.0
51866853,弥勒殿,8,1,1,1,4.0,0.0
61136393,观星楼,8,1,1,1,4.7,0.0
79435415,2020第二届遂宁莲花灯会,3,1,1,1,5.0,0.0
98278606,洞嘎寺,3,1,1,0,0.0,0.0
55844726,鹫峰寺塔,8,1,1,1,4.0,0.0
56759176,顺庆府署,25,1,1,1,2.8,0.0
56776314,张家花园,37,1,1,1,4.8,0.0
69570181,动物园,53,1,1,0,0.0,0.0
98276811,莲台飞瀑,3,1,1,0,0.0,0.0
85073,圣积晚钟,8,1,1,2,4.1,0.0
129991836,七星冷泉,20,1,1,0,0.0,0.0
133825010,姑弄村,3,1,1,0,0.0,0.0
50606068,川陕蜀道遗址,3,1,1,0,0.0,0.0
82788,沫若堂,34,1,1,2,4.1,0.0
24649879,古松桥,3,1,1,1,4.3,0.0
58307481,越西县商业步行街,9,1,1,0,0.0,0.0
70346736,松潘骑马旅游,3,1,1,0,0.0,0.0
10543284,妙观寺,8,1,1,2,4.4,0.0
18584149,放牧滩,20,1,1,1,4.6,0.0
55844622,重庆文理学院,3,1,1,1,4.0,0.0
134030618,遂宁海底世界,68,1,1,0,0.0,0.0
38951227,海棠公园,28,1,1,1,4.4,0.0
98276781,汉城墙遗址,3,1,1,0,0.0,0.0
80053203,黄湾小镇,9,1,1,0,0.0,0.0
98368555,玛尼堆,20,1,1,1,4.0,0.0
85125,善觉寺,8,1,1,2,4.2,0.0
10543470,白云寺,8,1,1,1,4.0,0.0
18584138,磨坊,8,1,1,2,4.7,0.0
98280042,金牛道,3,1,1,0,0.0,0.0
131134873,自然世界·精灵王国,3,1,1,1,3.7,0.0
24648648,白鹤公园,28,1,1,2,4.2,0.0
15138852,双龙湖,20,1,1,2,4.3,0.0
22866111,乳泉山,20,1,1,1,4.0,0.0
18072935,黑角桥,3,1,1,2,4.6,0.0
18584214,五座海,20,1,1,1,4.3,0.0
36793233,梦想小镇,3,1,1,1,4.0,0.0
48007190,箭板古镇,15,1,1,0,0.0,0.0
51866876,战时故宫博物馆,25,1,1,1,4.0,0.0
56810278,张沟,9,1,1,0,0.0,0.0
112647108,合川嘉隆西海观光园,20,1,1,0,0.0,0.0
128527410,桫椤湖嬉水乐园,62,1,1,1,5.0,0.0
98276784,石板街,9,1,1,1,5.0,0.0
98276804,千佛岩摩崖造像,3,1,1,0,0.0,0.0
20954498,扬扬拉错,20,1,1,1,4.0,0.0
90497329,四峨山梯田,3,1,1,1,5.0,0.0
51684298,汉城博物馆,25,1,1,1,4.3,0.0
38404747,中国唐家河岷山山系动植物博物馆,65,1,1,1,5.0,0.0
83066961,武胜东西关钓鱼城,18,1,1,0,0.0,0.0
22571314,荷和原乡,28,1,1,2,4.6,0.0
69559722,十里荷香,3,1,1,0,0.0,0.0
130368759,上中顺商业街区,9,1,1,1,4.5,0.0
131905027,龙日坝大草原,3,1,1,1,4.0,0.0
15063509,露德堂,61,1,1,1,4.5,0.0
31662414,第9大道好吃街,9,1,1,1,4.7,0.0
51665970,黄娥古镇,15,1,1,0,0.0,0.0
51677746,奇乐尔儿童主题乐园,6,1,1,0,0.0,0.0
79725878,青稞藏餐演艺音乐吧,34,1,1,1,4.0,0.0
85131,纯阳殿,8,1,1,2,4.1,0.0
18064892,九宝莲花菩提塔,8,1,1,2,4.0,0.0
30787854,西部乡村·梦缘山谷,39,1,1,1,2.3,0.0
56809686,盐都植物园,54,1,1,1,5.0,0.0
69345437,峨秀湖国际度假区,39,1,1,1,4.3,0.0
69554831,道林沟风景区,20,1,1,0,0.0,0.0
98280663,三圣岩,3,1,1,1,3.0,0.0
133548403,老虎口瀑布,3,1,1,0,0.0,0.0
134018584,遂宁五彩萌宠乐园,6,1,1,0,0.0,0.0
51965648,大学城滑板公园,28,1,1,1,5.0,0.0
133953338,花湖田源景区,3,1,1,0,0.0,0.0
98278605,老观景台,3,1,1,0,0.0,0.0
58279219,雪山梁子,3,1,1,0,0.0,0.0
70531621,内江失恋博物馆,34,1,1,0,0.0,0.0
85120,中峰寺,8,1,1,2,4.0,0.0
22866104,中国营造学社旧址,3,1,1,0,0.0,0.0
22866089,大坪,3,1,1,1,5.0,0.0
133941015,平乐多彩水世界,62,1,1,1,2.0,0.0
31678850,张飞古道,3,1,1,0,0.0,0.0
133978682,新北温泉,47,1,1,1,5.0,0.0
98274963,石门山,3,1,1,0,0.0,0.0
10521426,重庆九峰山,30,1,1,2,4.3,0.0
15051104,石马真原堂,61,1,1,1,4.3,0.0
134025652,太阳湾花海,3,1,1,0,0.0,0.0
133977688,星球部落露营地,32,1,1,0,0.0,0.0
133898775,隆昌红枫园,54,1,1,1,5.0,0.0
77605223,泥巴山,20,1,1,0,0.0,0.0
51867375,卡啦娃家庭成长欢乐公园(嘉陵店),3,1,1,1,4.0,0.0
51567238,法藏寺,8,1,1,1,4.5,0.0
51565848,感恩寺,8,1,1,0,0.0,0.0
101503149,反斗乐园（乐山世豪广场店）,3,1,1,1,5.0,0.0
69092752,长寿村玻璃桥,3,1,1,0,0.0,0.0
51565777,白塔,8,1,1,1,4.0,0.0
24649191,大草坝,39,1,1,0,0.0,0.0
24650298,红军纪念园,3,1,1,0,0.0,0.0
120143147,红军经理处旧址,3,1,1,0,0.0,0.0
24654753,中央公园城,28,1,1,2,4.7,0.0
38954457,清代一条街,9,1,1,0,0.0,0.0
51677759,观音胜景,8,1,1,1,1.0,0.0
58278023,南充张桓侯祠,8,1,1,0,0.0,0.0
120329792,白云观,8,1,1,1,4.5,0.0
39034063,永川植物园,54,1,1,0,0.0,0.0
79436481,杨闇公杨尚昆旧居陈列馆,25,1,1,0,0.0,0.0
24651483,泸州市规划展览馆,34,1,1,2,4.1,0.0
38416614,白水江动植物博物馆,65,1,1,0,0.0,0.0
69562427,福建会馆,18,1,1,1,4.3,0.0
51867527,白马湖公园,28,1,1,1,5.0,0.0
10543333,兴福寺,8,1,1,1,5.0,0.0
27302719,帕母岭,30,1,1,1,4.3,0.0
51815479,中国宜宾.长江地标广场,18,1,1,1,4.0,0.0
79437642,盐亭县博物馆,25,1,1,0,0.0,0.0
95368,歌乐沱勒穷,3,1,1,1,4.8,0.0
50612416,青川郝家坪战国墓群,8,1,1,1,1.0,0.0
51718053,邓艾墓,8,1,1,0,0.0,0.0
51867237,峨眉山东湖湿地公园,28,1,1,1,4.4,0.0
56808312,平桥瀑布,20,1,1,1,5.0,0.0
79438860,泸顺起义陈列馆,3,1,1,0,0.0,0.0
97421541,俄玛措,20,1,1,1,4.0,0.0
69554483,七彩明珠景区,3,4,1,0,0.0,0.0
10532693,和陵,8,1,2,2,4.2,0.0
50613101,尖山自然保护区,0,1,1,0,0.0,0.0
131917483,莲花湖景区,3,1,1,0,0.0,0.0
130368394,文昌故里旅游景区,20,4,1,0,0.0,0.0
38371545,荣昌县图书馆,3,1,1,2,4.9,0.0
69142854,莲花湖风景区,20,1,1,1,4.0,0.0
124907982,西月湖公园,28,1,1,0,0.0,0.0
18584219,野鸭湖,20,1,1,1,3.5,0.0
51684331,柏林湖国家湿地公园,20,1,1,1,5.0,0.0
69529019,少峨湖,18,1,1,1,4.0,0.0
18658632,毛尔盖会议会址,3,1,1,0,0.0,0.0
24650058,果山公园,28,1,1,2,3.6,0.0
51923483,嘉瑞财富广场,18,1,1,1,5.0,0.0
56146155,自贡市川剧院艺术中心剧场,31,1,1,0,0.0,0.0
79437652,甘孜州民族博物馆,25,1,1,1,4.0,0.0
79437661,遂宁市安居区博物馆,25,1,1,1,4.0,0.0
100903755,丹巴独狼沟纪念碑,3,1,1,0,0.0,0.0
101616377,星际传奇（乐山世豪广场店）,44,1,1,0,0.0,0.0
98278562,万佛朝宗,3,1,1,0,0.0,0.0
131894151,尕卡岭,20,1,1,0,0.0,0.0
134029323,萤火谷房车帐篷露营地,32,1,1,0,0.0,0.0
22866109,千年绸都第一坊,3,1,1,2,4.0,0.0
51774408,白塔广场,18,1,1,1,4.3,0.0
82846,营官藏寨,15,1,1,1,3.6,0.0
98276824,潋滟湖,3,1,1,0,0.0,0.0
79436496,朱德铜像纪念园,25,1,1,0,0.0,0.0
133851526,板桥镇桃花园,54,1,1,0,0.0,0.0
85134,灵岩叠翠,39,1,1,1,4.3,0.0
18061332,扎如马道,20,1,1,2,4.4,0.0
18584179,人参湖,20,1,1,1,4.0,0.0
20957900,中季节海,20,1,1,1,4.3,0.0
56806910,构溪河,20,1,1,0,0.0,0.0
58279123,弓杠岭,20,1,1,0,0.0,0.0
82875,黑塔,8,1,1,2,3.7,0.0
10795078,茉莉漂流,43,1,1,1,5.0,0.0
10795121,平通漂流,43,1,1,1,4.3,0.0
98119,木雅演艺中心,3,1,1,1,4.0,0.0
18658671,桫椤鹃海,20,1,1,1,4.3,0.0
24651117,阆中天主堂,61,1,1,2,4.6,0.0
38494808,莲花博览园,0,1,1,0,0.0,0.0
50606136,泸县宋墓,8,1,1,0,0.0,0.0
56808444,流米寺,8,1,1,0,0.0,0.0
15066962,浮生御度假村温泉中心,38,1,1,3,4.5,5.1
22865187,崇龛镇,9,1,1,1,4.4,0.0
52069784,大足西少林寺,8,1,1,1,4.5,0.0
52116931,重庆自然博物馆-西广场,18,1,1,1,4.0,0.0
56808160,涞滩八景,15,1,1,0,0.0,0.0
51565913,喻培伦纪念馆,3,1,1,0,0.0,0.0
130368218,道孚木雅噶达旅游景区,8,1,1,0,0.0,0.0
133978663,张坝乐园发现王国,6,1,1,0,0.0,0.0
51568247,毗卢洞石刻造像,8,1,1,0,0.0,0.0
18615044,青龙海,20,1,1,1,4.7,0.0
79438840,西南医科大学附属中医医院中医药文化博物馆,25,1,1,1,4.5,0.0
38456383,营山县图书馆,3,1,1,0,0.0,0.0
56809217,箱箱街,9,1,1,1,4.9,0.0
79150876,昭化县署,3,1,1,1,4.2,0.0
98283244,千手观音像,3,1,1,0,0.0,0.0
112649763,国际非遗手艺特色小镇,3,1,1,0,0.0,0.0
94556987,大磨滩湿地公园,28,1,1,0,0.0,0.0
39323097,四川省防灾减灾教育馆,34,1,2,1,4.9,0.0
133990366,南充星乐园,3,1,1,0,0.0,0.0
133997258,瑶寨沟生态园,3,1,1,0,0.0,0.0
69534574,小洋楼,18,1,2,1,4.0,0.0
24651596,麦昆乡,3,1,1,0,0.0,0.0
44941154,黑松林冰川挑战径,20,1,1,1,4.5,0.0
10543635,御制平定金川之碑,3,1,1,0,0.0,0.0
38451147,自贡市图书馆,3,1,1,1,4.8,0.0
38494805,桂花博览园,54,1,1,0,0.0,0.0
51683982,银杏公园,28,1,1,1,3.0,0.0
31662419,重庆市北碚区嘉陵风情步行街,9,1,1,2,4.7,0.0
10534546,双桥公园,28,1,1,2,4.3,0.0
58307294,重庆市铜梁县解放路步行街,9,1,1,0,0.0,0.0
57154246,大足花果山,20,1,1,0,0.0,0.0
65182883,熔岩之城,18,1,1,0,0.0,0.0
131896574,西山森林公园,3,1,1,0,0.0,0.0
31672180,北湖凝翠公园,28,1,2,1,5.0,0.0
134027998,大世界水上乐园,62,1,1,1,5.0,0.0
133987631,石板河旅游区房车营地,32,1,1,1,5.0,0.0
133826021,漫泽塘,30,1,1,0,0.0,0.0
33790460,重庆奇石谷,43,1,1,1,4.0,0.0
38669471,沙宣(重庆大学城熙街店),3,1,1,1,5.0,0.0
51963756,四世同堂纪念馆,3,1,1,0,0.0,0.0
112649816,翰林院,3,1,1,0,0.0,0.0
20954594,大炮南山,20,1,1,1,4.0,0.0
51576036,东门广场,18,1,1,1,5.0,0.0
56806966,旋螺殿,3,1,1,0,0.0,0.0
90497380,嘉州长卷·天街,9,1,1,0,0.0,0.0
28177373,扎坝大峡谷,20,1,1,0,0.0,0.0
38954415,李硕勋故居,3,1,1,0,0.0,0.0
39273421,内江书画院,34,1,1,1,4.1,0.0
104971379,戎州大桥,3,1,1,1,5.0,0.0
82752,息心所,8,1,1,2,4.3,0.0
10543343,千佛镇,9,1,1,1,4.0,0.0
18134143,丁佑君烈士纪念馆,3,1,1,0,0.0,0.0
22866106,黄河沟,3,1,1,1,5.0,0.0
51565594,复生公园,28,1,1,1,4.0,0.0
51578561,谢无量广场,18,1,1,0,0.0,0.0
99496938,黄龙中寺,3,1,1,0,0.0,0.0
133528198,金川风景区,3,1,1,0,0.0,0.0
118386390,安仁戏院川西传统演艺,49,1,2,0,0.0,0.0
112649253,龙凤溪公园,28,1,1,1,4.0,0.0
98280642,古军营山庄,3,1,1,1,3.0,0.0
58308680,陶都步行街,9,1,1,1,4.0,0.0
133243790,甲谷弄村,3,1,1,0,0.0,0.0
131208531,乌库楚,20,1,1,0,0.0,0.0
34300780,贝妮世界,3,1,1,2,3.5,0.0
51775359,观斗清泉,8,1,1,0,0.0,0.0
51566031,笔架山公园,28,1,1,0,0.0,0.0
98280206,十八罗汉,3,1,1,0,0.0,0.0
89803,瓦灰山,20,1,1,1,4.5,0.0
20960205,扎如桥,3,1,1,1,4.5,0.0
25466884,三郎寺,8,1,1,0,0.0,0.0
51885252,太和乡河垭山村生育文化茶园,18,1,1,0,0.0,0.0
55881908,大朝驿,8,1,1,0,0.0,0.0
56808452,会诗沟,66,1,1,0,0.0,0.0
58304768,东方广场步行街,9,1,1,1,4.0,0.0
98280050,姜公祠,3,1,1,0,0.0,0.0
98280192,连心山,3,1,1,0,0.0,0.0
18126917,大坪霁雪,20,1,1,1,4.7,0.0
22881012,金秋湖,20,1,1,1,5.0,0.0
24653732,犀牛峡,20,1,1,1,4.0,0.0
51923197,青莲寺,8,1,1,0,0.0,0.0
56808319,佛静山,20,1,1,1,4.0,0.0
56808424,螺湖,20,1,1,0,0.0,0.0
58279155,莲台彩池,20,1,1,0,0.0,0.0
104143579,日阿刚卡观景台,18,1,1,1,3.0,0.0
98278597,鹏程山,3,1,1,0,0.0,0.0
83539117,吉林省松原市兴烨农民种植专业合作社,37,1,2,0,0.0,0.0
18658696,沙心玫瑰园,3,1,1,1,4.2,0.0
24654315,雨台山公园,28,1,1,2,4.6,0.0
98280654,忠义祠正堂,3,1,1,1,4.0,0.0
133892598,红原月亮湾彩鸟露营,32,1,1,0,0.0,0.0
38456277,南部县图书馆,3,1,1,0,0.0,0.0
58279141,金汤孔玉自然保护区,53,1,1,0,0.0,0.0
98276793,文昌正殿,3,1,1,0,0.0,0.0
69558794,鸭鹤岩,3,1,1,0,0.0,0.0
56808369,鹤鸣山道教造像,8,1,1,1,5.0,0.0
51764199,登山英雄纪念碑,3,1,1,0,0.0,0.0
51923916,西充县凤凰山圭峰禅院,8,1,1,0,0.0,0.0
123857292,晨曦卡丁车活动中心,3,1,1,0,0.0,0.0
20957969,扎如瀑布,20,1,1,1,4.3,0.0
50612205,卧龙山千佛岩石窟,8,1,1,0,0.0,0.0
55844743,红军革命纪念基地,3,1,1,0,0.0,0.0
58279145,静宁寺,8,1,1,1,4.0,0.0
77566310,梦幻星空抖乐园（旗舰店）,34,1,1,0,0.0,0.0
79437694,汉源县博物馆,25,1,1,0,0.0,0.0
79437666,宜宾市翠屏区李庄抗战文化陈列馆,3,1,1,0,0.0,0.0
97421539,三叠瀑,20,1,1,1,4.0,0.0
69339627,峨嵋半山·七里坪国际度假区C区,66,1,1,0,0.0,0.0
80672,佛国天堂,8,1,1,2,4.3,0.0
23574939,松安寺,8,1,1,0,0.0,0.0
69103255,亚青,3,1,1,0,0.0,0.0
90568427,金钟山,20,1,1,0,0.0,0.0
121555025,泸定纪念碑公园,34,1,1,0,0.0,0.0
134025611,泸州五彩萌宠乐园,53,1,1,0,0.0,0.0
133976712,重庆红岭溪谷,20,1,1,0,0.0,0.0
133851540,意冉游船,59,1,1,0,0.0,0.0
51767862,莲师幻化殿,8,1,1,0,0.0,0.0
58279144,锦屏古镇,8,1,1,0,0.0,0.0
123866920,营山县奥体中心,3,1,1,0,0.0,0.0
51717582,清真寺,61,1,1,1,5.0,0.0
36953633,欢乐圣果园,3,1,1,1,3.5,0.0
69560750,花海景区,3,1,1,0,0.0,0.0
20960222,鹰爪洞,20,1,1,1,4.2,0.0
20989023,岷江源歌舞大剧院,31,1,1,1,3.5,0.0
22866155,奇峰镇,9,1,1,1,4.0,0.0
51874500,杜少陵祠,8,1,1,1,4.5,0.0
23576752,吉日寺,8,1,1,1,4.3,0.0
24648516,安多赛格寺佛法了胜院,8,1,1,0,0.0,0.0
29079414,紫馨花海,3,1,1,1,4.0,0.0
36750662,三江白塔,3,1,1,1,4.0,0.0
38456325,滨江生态园,54,1,1,0,0.0,0.0
51567223,千佛寺,8,1,1,1,4.5,0.0
65243915,国立同济大学医学院旧址,3,1,1,0,0.0,0.0
56806365,土地岩瀑布,20,1,1,0,0.0,0.0
60699488,重庆大学植物园,54,1,1,1,4.2,0.0
123865303,十里荷香山地越野沙滩车,3,1,1,0,0.0,0.0
112649408,钱塘生态园,3,1,1,0,0.0,0.0
130897985,长沙坝水库,20,1,1,0,0.0,0.0
133538855,睡仙温泉,47,1,1,0,0.0,0.0
131133802,慧光寺,8,1,1,0,0.0,0.0
79436402,荥经县博物馆,25,1,1,1,3.0,0.0
134018534,凤凰故垒,3,1,1,0,0.0,0.0
22866129,落虹瀑布,20,1,2,1,5.0,0.0
98275928,神树天梯,3,1,2,0,0.0,0.0
133977456,峨眉雪芽有机茶基地,3,1,1,0,0.0,0.0
51964078,赵家渡水生态公园,6,1,1,0,0.0,0.0
50605947,妙高山,20,1,1,0,0.0,0.0
98283233,石篆山石刻,3,1,1,0,0.0,0.0
98275922,DISK’O,3,1,2,0,0.0,0.0
50680216,幸福港湾休闲半岛,20,1,1,0,0.0,0.0
77683866,东岳庙,8,1,1,0,0.0,0.0
38960753,乐山市文化馆,3,1,1,1,4.8,0.0
98276795,剑刀坝君臣园,3,1,1,1,5.0,0.0
24650707,江南公园,28,1,1,2,4.2,0.0
50606153,木门寺会议旧址,3,1,1,0,0.0,0.0
67834193,七里坪景观大道风车,18,1,1,0,0.0,0.0
24654082,沿滩公园,28,1,1,1,4.0,0.0
58279151,乐山体育中心,3,1,1,1,4.8,0.0
98280205,达摩祖师,3,1,1,0,0.0,0.0
10543320,佛光湖,20,1,1,1,3.6,0.0
93557,龙神垭乡村风景区,3,1,1,2,4.3,0.0
58307892,永隆百货精品步行街,9,1,1,1,4.8,0.0
121555024,石棉大桥,3,1,1,1,4.5,0.0
130368361,中国雪茄博物馆,34,1,2,0,0.0,0.0
134047594,昭化药博园,3,1,1,1,5.0,0.0
51581881,东江新区行政文化中心广场,18,1,1,0,0.0,0.0
79438809,国立复旦大学重庆旧址（复旦大学纪念馆）,3,1,1,0,0.0,0.0
38371564,渝西植物园,54,1,1,0,0.0,0.0
112647925,潼南湿地公园,28,1,1,0,0.0,0.0
112647408,苓茏苑,3,1,1,0,0.0,0.0
133986927,乐淇的庄园,3,1,1,1,4.0,0.0
130368360,梦险城,6,1,1,0,0.0,0.0
18591781,大海子,20,1,1,2,4.6,0.0
52076511,华西口腔健康教育博物馆,25,1,1,2,4.9,0.0
130369154,北城夜市,9,1,1,1,5.0,0.0
58278021,广安兴国寺,3,1,1,0,0.0,0.0
38452662,国立剧专史料江安陈列馆,3,1,1,0,0.0,0.0
98276789,大江东去,3,1,1,0,0.0,0.0
51923716,正觉寺,8,1,1,0,0.0,0.0
51775637,篝火广场,18,1,1,0,0.0,0.0
134015223,梵高再现 沉浸式光影大展,34,1,1,1,4.3,0.0
18487026,沫若文化广场,18,1,1,2,4.5,0.0
56805080,煨桑炉,3,1,1,1,5.0,0.0
82753,初殿,8,1,1,2,4.2,0.0
22866112,田坝会馆,3,1,1,1,4.6,0.0
24649843,贡噶寺,8,1,1,1,4.5,0.0
32906646,佛光广场,18,1,1,1,4.8,0.0
93555,辛亥革命首义荣县军政府旧址,8,1,1,0,0.0,0.0
18022929,峨眉山秀湖体育公园,66,1,1,1,4.5,0.0
22866152,倒流河旅游区,20,1,1,1,4.5,0.0
24648872,笔点丹池,20,1,1,1,3.0,0.0
38457935,毛泽东主席视察气矿纪念馆,3,1,1,0,0.0,0.0
38976078,谢家河公园,28,1,1,2,4.5,0.0
39528952,甘孜非遗博物馆,65,1,1,0,0.0,0.0
51567263,玩具乐园,6,1,1,0,0.0,0.0
51757525,一曼公园,28,1,1,1,4.0,0.0
56807614,包座战役遗址,3,1,1,0,0.0,0.0
69560413,协兴生态文化影视城,3,1,1,0,0.0,0.0
83399007,三台三元油菜花景点,3,1,1,0,0.0,0.0
22865189,濑溪河,20,1,1,1,3.0,0.0
39276546,金科·廊桥水乡二组团,18,1,1,1,4.2,0.0
124907667,潼南蔬菜公园,28,1,1,0,0.0,0.0
118730361,水韵乡间生态园,3,1,1,0,0.0,0.0
29906990,天子-摇金生态农业园,3,1,1,1,4.5,0.0
56809930,石篆山石刻,8,1,1,0,0.0,0.0
58258437,碚城游乐园,6,1,1,0,0.0,0.0
133563278,樱花橘乡,54,1,1,0,0.0,0.0
103289097,梦幻星空&汉服艺术馆（春熙路旗舰店）,34,1,1,0,0.0,0.0
51867553,白山崖墓群,8,1,1,0,0.0,0.0
51867221,慈圣庵,8,1,1,0,0.0,0.0
51871025,三九广场,18,1,1,1,4.8,0.0
58279226,永寿寺,3,1,1,1,4.0,0.0
51866677,四望关,8,1,1,1,4.0,0.0
51897773,峨眉山龙门洞,20,1,1,0,0.0,0.0
82876,旧州塔,8,1,1,2,3.9,0.0
13703337,日斯满巴碉房,8,1,1,1,4.0,0.0
18658624,夺登寺,8,1,1,0,0.0,0.0
22866153,杨桥湖旅游度假风景区,20,1,1,0,0.0,0.0
24649821,格西乡藏民居博物馆,25,1,1,0,0.0,0.0
38400622,松潘历史文化展览馆,65,1,1,0,0.0,0.0
51575790,七星湖国际生态园,28,1,1,0,0.0,0.0
51831747,观德结,8,1,1,0,0.0,0.0
38493188,峨眉山植物园,54,1,1,0,0.0,0.0
51679126,仰天楼,8,1,1,0,0.0,0.0
69278140,八尔滩水库,20,1,1,0,0.0,0.0
69531990,万花谷景区,3,1,1,0,0.0,0.0
83582895,九个海子山,20,1,1,1,4.0,0.0
69556559,暴风港,3,1,1,0,0.0,0.0
15063601,金堂湖景区,20,1,1,1,4.0,0.0
79437656,重庆友军辣椒博物馆,25,1,1,1,3.5,0.0
80448,石象湖,20,4,1,4,4.1,0.0
131896571,薰衣草庄园,3,1,1,0,0.0,0.0
31668553,南站公园,28,1,1,2,4.6,0.0
131209056,青绕神山,20,1,1,0,0.0,0.0
71565357,长海,20,1,1,1,5.0,0.0
51758036,圆通禅寺,8,1,1,0,0.0,0.0
51867223,峨眉观音湖,8,1,1,0,0.0,0.0
56809152,虾拉沱村,3,1,1,0,0.0,0.0
79042587,镖局展览馆,34,1,1,1,4.0,0.0
51679827,大灯寺,8,1,1,0,0.0,0.0
51925186,北山公园,28,1,1,0,0.0,0.0
91351,五龙庙,3,1,1,1,4.0,0.0
18134063,象池夜月,30,1,1,1,4.5,0.0
32781333,灵秀苑大剧场,31,1,1,1,5.0,0.0
38416470,乐山市图书馆,34,1,1,1,4.7,0.0
50612442,严道城址,8,1,1,0,0.0,0.0
85078,“名山起点”牌坊,3,1,1,1,4.0,0.0
18126938,罗汉坡,20,1,1,1,4.0,0.0
28419130,龙腾花舞风景区,3,1,1,0,0.0,0.0
51918730,大曲口文化广场,18,1,1,1,4.0,0.0
98276782,敬侯祠,3,1,1,1,5.0,0.0
112647886,美丽熙街步行街,9,1,1,0,0.0,0.0
59736592,潼南采桑节,3,1,1,0,0.0,0.0
69145622,地藏殿,3,1,1,0,0.0,0.0
51963859,陶行知先生纪念馆,3,1,1,0,0.0,0.0
112649676,淮远古镇,15,1,1,0,0.0,0.0
15063487,净果寺,8,1,1,1,4.2,0.0
52016027,西南大学橘园园区文化广场,18,1,1,1,3.5,0.0
52070808,蔬菜博览园,54,1,1,0,0.0,0.0
112651560,重庆梨博园,3,1,1,0,0.0,0.0
80075626,神秘拉萨,34,1,2,0,0.0,0.0
106542127,澄江镇,9,1,1,0,0.0,0.0
90499172,安居黄家坝湿地公园,20,1,1,0,0.0,0.0
112648022,凤凰湖公园,20,1,1,0,0.0,0.0
38368439,重庆市永川区图书馆,3,1,1,0,0.0,0.0
56806366,竹海迷宫,39,1,1,0,0.0,0.0
112653920,原乡中央公园,28,1,1,0,0.0,0.0
15048722,香炉峰,20,1,1,1,4.3,0.0
31687749,虎溪公社,3,1,1,0,0.0,0.0
52071526,三担湖公园,28,1,1,1,5.0,0.0
79438819,晏阳初纪念馆,25,1,1,0,0.0,0.0
112654914,荣昌三矿井,9,1,1,0,0.0,0.0
130885686,朱德旧居,3,1,1,0,0.0,0.0
130842839,名城印象·立体式民俗演艺,49,1,1,0,0.0,0.0
79795927,Memory私人影咖,3,1,1,0,0.0,0.0
51773889,五指山广场,18,1,1,1,5.0,0.0
79849217,泸州市图书馆,34,1,1,0,0.0,0.0
33013850,峨眉山灵山鲜阁野生菌采摘园,3,1,1,1,4.3,0.0
82976743,九老仙府,18,1,1,0,0.0,0.0
71517410,锅底凼,20,1,1,0,0.0,0.0
98276807,濠上大桥,3,1,1,0,0.0,0.0
18658692,白水池,20,1,1,1,3.5,0.0
51764631,德肋撒堂,61,1,1,0,0.0,0.0
18584223,翡翠泉,20,1,1,1,4.3,0.0
20940785,萝峰晴云,20,1,1,1,4.2,0.0
25466911,华诚艺术馆,34,1,1,1,4.8,0.0
39481400,高坪区图书馆,34,1,1,1,5.0,0.0
50612180,桑海井,8,1,1,0,0.0,0.0
51567545,南山公园,28,1,1,0,0.0,0.0
51669790,江阳公园广场,18,1,1,0,0.0,0.0
51669793,木崖公园,28,1,1,1,4.5,0.0
